web-scraper-order,web-scraper-start-url,user,comment
1642518388-1991,https://www.facebook.com/TrangNemo2021/posts/469624227896468,M·ªπ Linh,Shop j to√†n bede m√† giang h·ªì n·ªØa l·ª° ko nghe ƒët c√°i b·ªã qu√Ωnh m·ªÅm n√£o s·ª£ l·∫Øm
1642518388-2096,https://www.facebook.com/TrangNemo2021/posts/469624227896468,T√πng Mai,√¥ k√¨a v·∫´n b√°n ƒëc h√†ng h·ªè
1642518388-2130,https://www.facebook.com/TrangNemo2021/posts/469624227896468,Tr·∫ßn Hi·ªÅn,T·∫øt n√†y trang nam m√¥ ko z·ªÅ r√πi
1642518388-2091,https://www.facebook.com/TrangNemo2021/posts/469624227896468,P√© ƒê√†o,Ch·ªã trang nam m√¥ ƒë·∫πp qu√°
1642518388-2075,https://www.facebook.com/TrangNemo2021/posts/469624227896468,Tr·∫ßn Th·ªã Di·ªáu Ph√∫c,H√†ng n√†y h√†ng fake h·∫£ ch·ªã
1642518388-2090,https://www.facebook.com/TrangNemo2021/posts/469624227896468,H√† H√†,C.an ch∆∞a s·ªù ƒë·∫øn √†
1642518388-2092,https://www.facebook.com/TrangNemo2021/posts/469624227896468,Qu√°ch Vi·ªát,Nguy·ªÖn Chi·∫ønn mua 2 t√∫i ship c√† mau
1642518388-2142,https://www.facebook.com/TrangNemo2021/posts/469624227896468,Nhi Thy,T·ªüm
1642518388-2045,https://www.facebook.com/TrangNemo2021/posts/469624227896468,Meo Meo,M√† b√™n e c√≥ ban √°o chu·ªôt mickey trangt ƒëen k
1642518388-2079,https://www.facebook.com/TrangNemo2021/posts/469624227896468,Nguy√™nn Nguy√™nn,t√∫i xinh th·∫≠t ƒë·∫•y xinh h∆°n nh√¢n c√°ch n·ªØa
1642518388-2105,https://www.facebook.com/TrangNemo2021/posts/469624227896468,Nguy·ªÖn Linh,T·∫®Y CHAY TRANG NEMO
1642518388-2151,https://www.facebook.com/TrangNemo2021/posts/469624227896468,Tr·∫ßn Ng√¢n,Qua c·ª≠a h√†ng mua ƒë·ªì c√≥ b·ªã gi·ª±t kh·∫©u trang ko ch·ªã ∆°i. Em s·ª£ covid m√† ch·ªã gi·ª±t kh·∫©u trang kh√°ch l√† ch·∫øt :))
1642518388-1999,https://www.facebook.com/TrangNemo2021/posts/469624227896468,L√£ Trinh,Ch·∫°y nhanh c√≤n k·ªãp :)))))
1642518388-2147,https://www.facebook.com/TrangNemo2021/posts/469624227896468,Ng·ªçc Huy·ªÅnBeauty,Qua ƒë·∫øn nay c m·∫∑c c√≥ c√°i qu·∫ßn n√†y th√¥i √†? S ch·ªã ko thay qu·∫ßn m√† ch·ªâ thay m·ªói √°o?
1642518388-2167,https://www.facebook.com/TrangNemo2021/posts/469624227896468,Changg Changg,"ƒë√°nh ngkh nh∆∞ th·∫ø th√¨ d·∫πp lu√¥n shop ik shopp oiwii , ·ªü ƒë√¢y bu√¥n b√°n ng yangho hay sao keo ƒë√†n √¥ng v√†o ƒë√°nh m·ªôt ng ph·ª• n·ªØ ko th·∫•y h√®n ak"
1642518388-2102,https://www.facebook.com/TrangNemo2021/posts/469624227896468,ƒêinh Qu·ªëc H·∫≠u,Ch·ªã Nhi ƒë√£ l√™n ti·∫øng
1642518388-2060,https://www.facebook.com/TrangNemo2021/posts/469624227896468,Pu Linh,live h√†ng m·ªõi ƒëi c oi
1642518388-2029,https://www.facebook.com/TrangNemo2021/posts/469624227896468,Ch√≠nh V·ªùn,chu·∫≠n b·ªã m√† nh·∫≠p tr·∫°i ƒëi. c√¥n ƒë·ªì qu√° c∆°
1642518388-2005,https://www.facebook.com/TrangNemo2021/posts/469624227896468,Th∆∞·ªùng Conn,T√≠nh mua t√∫i c·ªßa shop cho b√© Mic ·ªü nh√† mang. Nh∆∞ng m√† shop nhi·ªÅu bede qu√° s·ª£ l√¢y n√™n th√¥i ·∫°
1642518388-1990,https://www.facebook.com/TrangNemo2021/posts/469624227896468,B·∫£o Ng·ªçc,T∆∞·ªüng ƒë√≥ng c·ª≠a shop r·ªìi ai d√® c√≤n b√°n h√£
1642518388-2156,https://www.facebook.com/TrangNemo2021/posts/469624227896468,Nguy·ªÖn Ng·ªçc Tu·ªá Nhi,Ch·ªã v·∫´n ·ªïn ch·ª© ·∫° =)) https://tiin.vn/.../chong-nguoi-phu-nu-bi-danh-tai-shop...
1642518388-2157,https://www.facebook.com/TrangNemo2021/posts/469624227896468,Kim Thoa,√°o v√† t√∫i bao nhieu shop
1642518388-2181,https://www.facebook.com/TrangNemo2021/posts/469624227896468,Danh Versace,Rp Trang Nam M√¥
1642518388-2020,https://www.facebook.com/TrangNemo2021/posts/469624227896468,C·∫©m H·ªìng,B·ªØa n√†o live k√™u a bede d·∫°y e c√°ch qu√Ωnh ng∆∞·ªùi ta ƒëi ch·ªãiiiii
1642518388-2116,https://www.facebook.com/TrangNemo2021/posts/469624227896468,Ng·ªçc Huy·ªÅn,Mang ti·∫øng c√≥ ti·ªÅn m√† ƒëi s·ª≠a c√°i m·∫∑t n√°t b√©t ƒë kh√°c g√¨ con y√™u tinh :)) m·∫∑t x·∫•u m√† t√≠nh c√≤n h√£m l √¥ng b√† n√†o g√°nh cho n·ªïi
1642518388-2113,https://www.facebook.com/TrangNemo2021/posts/469624227896468,B√°ch H√≥a Minh Anh,V√¥ mua s·ªõ r·ªõ b·ªã ƒë√°nh th√≠ m·ªãa lun.
1642518388-2117,https://www.facebook.com/TrangNemo2021/posts/469624227896468,Nguyen The Ngoc,V√†o t√π m√† b√°n
1642518388-2073,https://www.facebook.com/TrangNemo2021/posts/469624227896468,Nguy·ªÖn Linh Ly,C√°c tyo gh√© GRUOP CHƒÇM S√ìC DA B√äN EM NAH - H√ÄNG CH√çNH H√ÉNG V√Ä KO C√ì DRAMA   (s·∫£n ph·∫©m n√≥i kh√¥ng v·ªõi kem tr·ªôn - r∆∞·ª£u thu·ªëc) https://www.facebook.com/groups/1007064686501522
1642518388-2163,https://www.facebook.com/TrangNemo2021/posts/469624227896468,M·ªπ √Åi,C√≥ ai mua kh√¥ng e mua chung v·ªõi
1642518388-2027,https://www.facebook.com/TrangNemo2021/posts/469624227896468,Nguy·ªÖn Minh Ph∆∞∆°ng,d·∫πp ti·ªám ch∆∞a z·ªã
1642518388-2122,https://www.facebook.com/TrangNemo2021/posts/469624227896468,T√∫ Quy√™n,B√°n bao nhi√™u c√°i t√∫i m·ªõi ƒëc 5 t·ªâ b·ªìi th∆∞·ªùng cho ngta
1642518388-2003,https://www.facebook.com/TrangNemo2021/posts/469624227896468,L√™ TU,m·∫´u n√†y ƒëang h√≥t n√® con
1642518388-2040,https://www.facebook.com/TrangNemo2021/posts/469624227896468,Mai Thu Ph∆∞∆°ng,Shop vƒÉn minh vc
1642518388-2135,https://www.facebook.com/TrangNemo2021/posts/469624227896468,C√≤n C√°i N·ªãt,ch∆∞a ph√° s·∫£n h·∫£ chj:))
1642518388-2072,https://www.facebook.com/TrangNemo2021/posts/469624227896468,T√∫ Quy√™n,M·ªçi chuy·ªán mua m·ªπ ph·∫©m ƒê√¥ng Anh gh√© qua fb em nh√©
1642518388-2069,https://www.facebook.com/TrangNemo2021/posts/469624227896468,Tr·∫ßn Qu·ªëc ƒê·∫°i,m√≠t ƒë·∫∑c ·∫πt ·∫πt b·ªßm b·ªßm c∆∞·ªùi ƒë√°i x√® x√®
1642518388-2140,https://www.facebook.com/TrangNemo2021/posts/469624227896468,L√™ V≈© Duy,Ko ai mua ƒë√¢u ch·ªã ∆°i mua th√¨ ng ta c≈©ng bom th√¥i
1642518388-2008,https://www.facebook.com/TrangNemo2021/posts/469624227896468,√ù ƒê√†o,ƒëm shop to√†n b√°n ƒë·ªì ƒë·ªÉu
1642518388-2095,https://www.facebook.com/TrangNemo2021/posts/469624227896468,H∆∞∆°ng Ho√†ng,report ƒëi
1642518388-2148,https://www.facebook.com/TrangNemo2021/posts/469624227896468,H·ªìng Ph√∫c,"to√†n s·ªë ƒë·∫πp, nhi·ªÅu ti·ªÅn ƒë·∫•y nh·ªÉ"
1642518388-2154,https://www.facebook.com/TrangNemo2021/posts/469624227896468,Yidshe HuHu,t·∫øt n√†y k bjet c c√≥ ƒÉn ngon k n·ªØa =))
1642518388-2017,https://www.facebook.com/TrangNemo2021/posts/469624227896468,D∆∞∆°ng Nguy·ªÖn ƒê·ª©c To√†n,Khoii c√¥ ch·ªß shop v√† nh√¢n vi√™n hi·∫øu khachs
1642518388-2132,https://www.facebook.com/TrangNemo2021/posts/469624227896468,Nguy·ªÖn Linh,T·∫®Y CHAY TRANG NEMO
1642518388-2066,https://www.facebook.com/TrangNemo2021/posts/469624227896468,Quan Nguyen Hoang,Trong cho ki di chi nhe dung de ae c·ªßa e gap Cai Thang cho be de do nhe
1642518388-2109,https://www.facebook.com/TrangNemo2021/posts/469624227896468,Di Nguyen,"M·∫•y  ƒë·ª©a h·ªôi  ƒë·ªìng n√≥  tr·ªën  ƒë·∫±ng tr·ªùi  v·ªõi  √¥ng ck  ·∫•y  nh·ªâ  , l√∫c  ƒë√°nh h·∫øt  m√¨nh  sau  bi·∫øt  h·∫øt  h·ªìn"
1642518388-2084,https://www.facebook.com/TrangNemo2021/posts/469624227896468,Nguy·ªÖn Th·ªã H·∫±ng Nga,Bu·ªìn l·∫Øm trang ∆°i...
1642518388-2088,https://www.facebook.com/TrangNemo2021/posts/469624227896468,Th√°i T√¢n,Prada fake hay gi·∫£ v·∫≠y ·∫°?
1642518388-2172,https://www.facebook.com/TrangNemo2021/posts/469624227896468,Tr·∫ßn Ph√°t,"M√†y k√™u m·∫•y ƒë·ª©a nh√¢n vi√™n ch√≥ h√πa c·ªßa m√†y m√† m·∫∑c h·∫øt ƒëi, ƒë·ªì th·ª© b√° d∆°"
1642518388-2068,https://www.facebook.com/TrangNemo2021/posts/469624227896468,ƒêo√†n Anh Tu·∫•n,B√¨nh th∆∞·ªùng mua ƒë·ªì ng∆∞·ªùi ta g·ªçi l√† ·ªßng h·ªô ch·ªß shop c√≤n mua ·ªü ƒë√¢y l√† nu√¥i bede yangho nha
1642518388-2138,https://www.facebook.com/TrangNemo2021/posts/469624227896468,ƒê√¥ng CoDoc,"m·∫•y ƒë·ª©a em bede gi√∫p h·∫øt m√¨nh  nh·ªõ ƒë·ª´ng quay xe b·ªè r∆°i t·ª•i n√≥ nha, t·ªôi nghi·ªáp"
1642518388-2062,https://www.facebook.com/TrangNemo2021/posts/469624227896468,Meo Meo,·ª¶a h sao k ai cm hay ip n√†y nhieu v·∫≠y c
1642518388-2141,https://www.facebook.com/TrangNemo2021/posts/469624227896468,Trang Thu·ª≥,Coi l·∫°i gi·ªëng ho√†ng h∆∞·ªùng jo ( thanh ho√° ) ƒë√¢y .
1642518388-2146,https://www.facebook.com/TrangNemo2021/posts/469624227896468,Long Tran,K√≠nh ch·ªëng √°nh s√°ng xanh c√≥ ch·ª©ng nh·∫≠n KC c·ªßa ch√≠nh ph·ªß
1642518388-2044,https://www.facebook.com/TrangNemo2021/posts/469624227896468,Tr·∫ßn H·∫£i ƒêang,Ch·ªã quy nh·∫≠p vi·ªán ch∆∞a ch·ªã iu
1642518388-2081,https://www.facebook.com/TrangNemo2021/posts/469624227896468,Nguy·ªÖn Minh Ph∆∞∆°ng,m√° n√†y k√¨ gh√™
1642518388-1997,https://www.facebook.com/TrangNemo2021/posts/469624227896468,H·∫£i V√µ,m·∫´u n√†y ƒëang hot nek shop... nh·∫≠p sƒ© v·ªÅ b√°n ƒëi
1642518388-2047,https://www.facebook.com/TrangNemo2021/posts/469624227896468,Nghia Pham,V·∫•t h·∫øt b√£i r√°c c√≤n k·ªãp. Th·ªã tr∆∞·ªùng n√≥ v√†o ki·ªÉm h√†ng th√¨ ƒÉn shjt no e ∆°i :))))
1642518388-2077,https://www.facebook.com/TrangNemo2021/posts/469624227896468,ƒêinh Toan,Gi·ªù ƒë√¥ ai ƒët mua h√†ng m√† n√≥ dam nghe m√°y
1642518388-2171,https://www.facebook.com/TrangNemo2021/posts/469624227896468,Nguy·ªÖn Th·ªã Ng·ªçc,C√≥ fb b√† ch·ªã Mickey ko v·∫≠y
1642518388-2180,https://www.facebook.com/TrangNemo2021/posts/469624227896468,Danh Versace,:)) ƒë·ªãnh ƒë√°nh Tr·∫ßn My lu√¥n ·∫•y ch·ª©
1642518388-2089,https://www.facebook.com/TrangNemo2021/posts/469624227896468,L√Ω L√™,Xin l·ªôi ch·ªã em nghi l·ªôn
1642518388-2061,https://www.facebook.com/TrangNemo2021/posts/469624227896468,Ng·ªçc Hu·ª≥nh,Dcm gi√†u m√† ƒë√©o c√≥ n√£o. Gi√†u m√† h√®n. Chu·∫©n b·ªã th√†nh trang nam m√¥ cho ƒë·ª´ng ·ªü t√π :))
1642518388-2182,https://www.facebook.com/TrangNemo2021/posts/469624227896468,H·∫Øc H√†n Thi√™n Kinzz,T·∫©y chay shop Trang NeMo
1642518388-2042,https://www.facebook.com/TrangNemo2021/posts/469624227896468,Mei Mei,Shop g√¨ m√† t·ª´ ch·ªß ƒë·∫øn nh√¢n vi√™n n·∫øt nh∆∞ clq ƒë√£ th·∫ø nh√¢n vi√™n c√≤n ch·ª≠i c·∫£ c√¥ng an ƒë·∫øn ch·ªãu ƒë√∫ng l√† shop n√™n b·ªã t·∫©y chay x3 th√¥i ch·ª© ntn ai d√°m mua n√© l·∫π :))
1642518388-2168,https://www.facebook.com/TrangNemo2021/posts/469624227896468,M·∫°c Ch√¢u ƒêƒ©nh Chi,t√∫i x·∫•u b·ªè m·∫π ra
1642518388-2055,https://www.facebook.com/TrangNemo2021/posts/469624227896468,Ph∆∞∆°ng Th·∫£o Vy,L·∫•y e 1 c√°i ship ra th√πng r√°c nha c L∆∞u M·∫´n
1642518388-2124,https://www.facebook.com/TrangNemo2021/posts/469624227896468,Nguy·ªÖn Linh,T·∫®Y CHAY TRANG NEMO
1642518388-2126,https://www.facebook.com/TrangNemo2021/posts/469624227896468,ƒê√¨nh Ho√†ng Nguy·ªÖn,ƒê·ªãt ai mua ch·ªó cm
1642518388-2004,https://www.facebook.com/TrangNemo2021/posts/469624227896468,Thu H√†,"Th·∫•y My hi·ªÅn t√≠nh b·∫Øt n·∫°t, t√≠nh g√†i My t·ª± nh·∫≠n m√¨nh b√°n h√†ng fake, b√† Khanh th·∫•y b·∫•t b√¨nh b√† l√™n ti·∫øng. M·ª• Trang t·ª©c v√¨ b·ªã b√† Khanh ph√°, quay ra l√†m kh√≥ b Khanh, c·∫Øt ngang h·ªèi t√™n tu·ªïi, gi·ª±t kh·∫©u trang ch·ªâ ƒë·ª£i b Khanh b·∫≠t c√°i l√† lao v√†o. T l·∫°i m√©o th·∫•y‚Ä¶ Xem th√™m"
1642518388-2002,https://www.facebook.com/TrangNemo2021/posts/469624227896468,ƒê·∫°i B·∫£o,D√¥ shop mua ƒë·ªì dc nh√¢n vi√™n ti·∫øp nhi·ªát t√¨nh
1642518388-2013,https://www.facebook.com/TrangNemo2021/posts/469624227896468,A. Luuvan NH·∫π,ƒêu m√°...v√¥ shop n√†y l·ª±a l·ª±a hok mua c√¥i ch·ª´ng b·ªã ƒë√°nh h·ªôi ƒë·ªìng ....v√£i lol...!!
1642518388-2028,https://www.facebook.com/TrangNemo2021/posts/469624227896468,H√† Giang,Sao con h·ªì ƒë·ªì v·∫≠y Trang
1642518388-2046,https://www.facebook.com/TrangNemo2021/posts/469624227896468,L√™ Th·ªã Thu·ª≥ Dung,Xinh g√°i qu√°.ƒëangiu qu√°.ng∆∞·ªùi g√¨ ƒë√¢u m√† nh∆∞ cak :))
1642518388-2085,https://www.facebook.com/TrangNemo2021/posts/469624227896468,Duy√™n K√≤yy,Mua.ch·ªâ s·ª£.b·ªã bede b·∫Øt n·∫°t
1642518388-2070,https://www.facebook.com/TrangNemo2021/posts/469624227896468,L√™ Vinh,"N√£o s√†i ti·ªán d·ª•ng l·∫Øm ƒë√≥ ch·ªã ,n√™n mua m√† s√†i"
1642518388-2041,https://www.facebook.com/TrangNemo2021/posts/469624227896468,Tung Vo,T·∫©y chay shop nay !
1642518388-2049,https://www.facebook.com/TrangNemo2021/posts/469624227896468,Th√∫y Oanh,Shop giangho
1642518388-2110,https://www.facebook.com/TrangNemo2021/posts/469624227896468,Thu Ph∆∞∆°ng,V·∫´n ban h√†ng h·∫£ ch·ªã
1642518388-2161,https://www.facebook.com/TrangNemo2021/posts/469624227896468,Kim Th∆∞,"ÌïòÎ¶∞ t·∫∑ng n·ªët b·ªô n√†y, ƒëang h√≥t h√≤n h·ªçt"
1642518388-1993,https://www.facebook.com/TrangNemo2021/posts/469624227896468,M√£i Phan,Th·ª≠ ƒë·ªì kh√¥ng mua b·ªã ƒë√°nh s·∫•p m·∫∑t .s·ª£ qu√° ƒëung ai toi mua ƒëo nha
1642518388-2064,https://www.facebook.com/TrangNemo2021/posts/469624227896468,Th·ªã Huy·ªÅn,Nh√¨n t∆∞·ªüng Vi·ªát Ph∆∞∆°ng Hoa
1642518388-2106,https://www.facebook.com/TrangNemo2021/posts/469624227896468,Nguy·ªÖn NNhi,C·∫•t m√† x√†i lu√¥n ƒëi m√° b√°n m·∫Øc b√† c·ªë
1642518388-2118,https://www.facebook.com/TrangNemo2021/posts/469624227896468,Nguy·ªÖn Th√†nh Xitrum,ƒê·ª´ng mua h√†ng con n√†y ...con m·∫Øt d·∫°y nh·∫•t h√†nh tinh
1642518388-2166,https://www.facebook.com/TrangNemo2021/posts/469624227896468,Linh Anhh,c√°i th·∫±ng kia b·ªã b√™ ƒë√™ h·∫£
1642518388-2097,https://www.facebook.com/TrangNemo2021/posts/469624227896468,Tran Nguyen Dan Nhi,Ai g·∫£nh ƒëƒÉu mua m√°
1642518388-2024,https://www.facebook.com/TrangNemo2021/posts/469624227896468,Th∆∞ Nguy·ªÖnn,"Nghƒ© b√°n ƒëii c g√°iii h√¥ng aii mua ƒëou m√°, n·∫øt ƒëi t√© r·ªõt ƒëou m·∫•t tiu r:)) d·∫πp shop ƒëi nka shop to√†n b√™ƒë√™ b√°n bu√¥n cm jz:))"
1642518388-2058,https://www.facebook.com/TrangNemo2021/posts/469624227896468,V·ª£ Ph∆∞∆°ng,Ko ai mua dau d√©p me di
1642518388-2074,https://www.facebook.com/TrangNemo2021/posts/469624227896468,Tr·∫ßn Hi·ªÅn,T√∫i th√¨ ƒë·∫πp m√† sao l·∫°i ƒë·ªÉ trog c√°i shop d∆° b·∫©n nh∆∞ n√†y t·ª´ nv ƒë·∫øn ch·ªß ch·∫£ ai t·ªët ƒë·∫πp c·∫£ th·∫ø c√≥ ch√≥ n√≥ c≈©ng ch·∫£ mua
1642518388-1996,https://www.facebook.com/TrangNemo2021/posts/469624227896468,L√Ω L√™,Ch·ªã xinh ƒë·∫πp qu√°
1642518388-2001,https://www.facebook.com/TrangNemo2021/posts/469624227896468,Nh∆∞ Tr·∫ßn,t√∫i x·∫•u qu√°.
1642518388-2134,https://www.facebook.com/TrangNemo2021/posts/469624227896468,H·∫±ng Th·ªè,ƒÇn c∆°m ch√≥ k e
1642518388-1995,https://www.facebook.com/TrangNemo2021/posts/469624227896468,Ph∆∞·ª£ng ƒê·∫∑ng,"Qu·∫£ shop to√†n giang h·ªì t·ª´ nh√¢n vi√™n ƒë·∫øn ch·ªß , nv ƒë√°nh ng∆∞·ªùi ch·ªß ƒë·ª©ng live"
1642518388-2186,https://www.facebook.com/TrangNemo2021/posts/469624227896468,D≈©ng H√πng,T·∫©y chay shop Trang NeMo
1642518388-2120,https://www.facebook.com/TrangNemo2021/posts/469624227896468,Ng√¢n Day,"Shop ph√° s·∫£n ch∆∞a ch·ªã,m·∫•y ƒë∆°n b·ªã bom r√≤i ch·ªã^^?"
1642518388-2155,https://www.facebook.com/TrangNemo2021/posts/469624227896468,Quang Vinh Nguy·ªÖn,Qu·∫£n l√Ω th·ªã tr∆∞·ªùng s·∫Øp ch·ªët ƒë∆°n
1642518388-2111,https://www.facebook.com/TrangNemo2021/posts/469624227896468,Th√†nh Minh,Cho em mua 5 b·ªô v·ªÅ c·∫Øt cho con ch√≥ nh√† em m·∫∑c v·ªõi ·∫°
1642518388-2129,https://www.facebook.com/TrangNemo2021/posts/469624227896468,Nguy·ªÖn Th√†nh Xitrum,M√†y l√† con m·∫Øt d·∫°y nh·∫•t
1642518388-2094,https://www.facebook.com/TrangNemo2021/posts/469624227896468,Ti√™n Tr·∫ßn,Kh pik gi·∫£i h√≤a 5t·ª∑ ƒëc ch∆∞a ta
1642518388-2164,https://www.facebook.com/TrangNemo2021/posts/469624227896468,Nguy·ªÖn Ng·ªçc Huy,Khoe nhi·ªÅu ti·ªÅn con h√£m lol. Cho b·ªë g·ª≠i h∆°n 70 t·ªèi ƒë√¢y t√≠ quay l·∫°i. ƒê·ªß mua c√°i m·∫°ng ch√≥ m√†y.
1642518388-2170,https://www.facebook.com/TrangNemo2021/posts/469624227896468,V≈© Ho√†ng ƒê·ª©c,Trang nghƒ© th·∫ø n√†o n·∫øu con  Trang b·ªã m·ªì c√¥i Cha l·∫´n M·∫π  . √Çu th√¨ Chu·∫©n b·ªã  cho ch√°u  l√† v·ª´a  .  . L√™n  ƒë·ªì h·∫øt r·ªìi  . ƒê·ª£i  gi√°m t√≠ch n·ªØa  l√† ƒëi ƒë√≥  Trang  ∆°i  .
1642518388-2043,https://www.facebook.com/TrangNemo2021/posts/469624227896468,Nguy·ªÖn Th√†nh C√¥ng,C√°c b·∫°n n·ªØ cmt c·∫©n th·∫≠n nh√©. N√≥ l·∫°i cho 5 6 th·∫±ng h·ªôi ƒë·ªìng c√°c b·∫°n ƒë·∫•y
1642518388-2009,https://www.facebook.com/TrangNemo2021/posts/469624227896468,Dayy Th·∫ªo,Shop to√†n yangho zik m·∫Ø ^^ ai m√† t·ªõi mua d·∫πp m·∫π ti·ªán ii m·∫Ø-))
1642518388-2015,https://www.facebook.com/TrangNemo2021/posts/469624227896468,Ho√†ng VƒÉn T√πng,Trang ∆°i h√°t ƒëi em
1642518388-2123,https://www.facebook.com/TrangNemo2021/posts/469624227896468,B√πi V≈© Qu·∫ø Linh,ƒê·ªì si ƒëa gi·ªØ m√† d√πng ƒëi nha c g√°i
1642518388-2018,https://www.facebook.com/TrangNemo2021/posts/469624227896468,Ch√∫ng T√¥i L√† Manucian,M√£ √°o Newcastle United n∆°i b·∫°n ƒë·∫øn v√† ch∆∞a h·∫πn ng√†y quay v·ªÅ
1642518388-2108,https://www.facebook.com/TrangNemo2021/posts/469624227896468,Hein Hiaw,Mai Tuy·∫øt San  n√°ch th√¢m qu√° ·∫∑
1642518388-2026,https://www.facebook.com/TrangNemo2021/posts/469624227896468,B·∫£o Tr√¢n,·ª¶a c√≤n ƒëƒÉng dc h·∫£
1642518388-2178,https://www.facebook.com/TrangNemo2021/posts/469624227896468,ƒê√†o Thanh Nam,N·∫Øng chi·∫øu lung linh mu√¥n hoa v√†ng
1642518388-2112,https://www.facebook.com/TrangNemo2021/posts/469624227896468,Tr·∫ßn Hoa,ƒëm nh√¨n b·ªçn n√≥ th·∫•y h√£m qu√°
1642518388-2162,https://www.facebook.com/TrangNemo2021/posts/469624227896468,Tran Tuan,Ai mua nua dau ma dang hoai vay ma . Dong cua la vua
1642518388-2065,https://www.facebook.com/TrangNemo2021/posts/469624227896468,Vy Vy,H·ªèi xong k mua c√≥ b·ªã ƒë√°nh h·ªôi ƒë·ªìng k shop
1642518388-1998,https://www.facebook.com/TrangNemo2021/posts/469624227896468,L√™ Tr·∫ßn Gia Khanh,S·ªë l∆∞·ª£ng c√≥ h·∫°n z ch·ªã ƒë·ªÉ d√†nh x√†i ƒëi ai r·∫£nh mua
1642518388-2175,https://www.facebook.com/TrangNemo2021/posts/469624227896468,M·ªôc Linh,
1642518388-2153,https://www.facebook.com/TrangNemo2021/posts/469624227896468,Nh Kien,C√°i t√∫i fake ph√®n ia z shop c√¥.n ƒë·ªì
1642518388-2048,https://www.facebook.com/TrangNemo2021/posts/469624227896468,Kh√°nh Ph√™,T√∫i x√°ch gi√° bnem
1642518388-2101,https://www.facebook.com/TrangNemo2021/posts/469624227896468,Tr·∫°i D·∫ø T√¢y Ninh,https://www.facebook.com/kasynlove/ mn v√¥ like page t√¢y ninh nha
1642518388-2011,https://www.facebook.com/TrangNemo2021/posts/469624227896468,Th·ªã H√†,Shop zang h·ªì qu√° ch·∫£ ai gi√°m mua ƒë√¢u chu·ªµ ƒë·∫πp ∆°iiii
1642518388-2019,https://www.facebook.com/TrangNemo2021/posts/469624227896468,C·∫©m T√∫,Th√¥i d·∫πp ti·ªám ƒëi ch·ªã l√†m ƒÉn g√¨ n·ªØa
1642518388-2000,https://www.facebook.com/TrangNemo2021/posts/469624227896468,N√® Na,V√¥ shop mua ƒë·ªì g·∫∑p ƒëc nh√¢n vi√™n hi·∫øu kh√°ch:))
1642518388-2099,https://www.facebook.com/TrangNemo2021/posts/469624227896468,Tr·∫ßn Nguy·ªÖn Ho√†ng √Ånh,"v·ªÅ h√†ng √≠t hay nhi·ªÅu th√¨ c≈©ng k·ªá ch·ªã ch·ªõ, kkkkk, b√°n c≈©ng kh√¥ng ai mua ƒë√¢u"
1642518388-2034,https://www.facebook.com/TrangNemo2021/posts/469624227896468,Th√πy Dung,n√°ch th√¢m wa
1642518388-2038,https://www.facebook.com/TrangNemo2021/posts/469624227896468,Em B·∫πp,C√≥ ti·ªÅn m√† m·∫•t m·∫πn n√≥ n√£o
1642518388-2107,https://www.facebook.com/TrangNemo2021/posts/469624227896468,Huy Hung Tran,Dung con mat giay
1642518388-2022,https://www.facebook.com/TrangNemo2021/posts/469624227896468,Nguy·ªÖn Minh Ph∆∞∆°ng,shop to√†n m·∫•y con ƒëi b√™ ƒë√™ b·ªë ai d√°m v√†o mua
1642518388-2104,https://www.facebook.com/TrangNemo2021/posts/469624227896468,Huyen Du,Ai c√≥ fb con n√†y kh√¥ng ·∫° m√¨nh xin link v·ªõi
1642518388-2160,https://www.facebook.com/TrangNemo2021/posts/469624227896468,Ng Th·ªã H·ªìng G·∫•m,M√° h√†ng fake b√°n gi√° tr√™n tr·ªùi
1642518388-2136,https://www.facebook.com/TrangNemo2021/posts/469624227896468,Nguy·ªÖn Qu√¢n,Mu·ªën dc ƒÉn t·∫øt th√¨ nt cho a ƒë·ªÉ a lo vc n√†y cho e nh√©
1642518388-2174,https://www.facebook.com/TrangNemo2021/posts/469624227896468,Nguy·ªÖn ƒê·∫°i Ph√°t,https://www.facebook.com/search/top?q=tr%E1%BA%A7n%20my%20v%C3%A0%20trang%20nemo
1642518388-2052,https://www.facebook.com/TrangNemo2021/posts/469624227896468,Ng·ªçc √Ånh C∆∞t√™ UwU,ƒë√°nh ng ch·∫£y m√°u c≈©ng n·∫±m trong k·ªãch b·∫£n √† ch·ªã iu ?
1642518388-2185,https://www.facebook.com/TrangNemo2021/posts/469624227896468,Minh Tr·∫ßn,T·∫©y chay shop Trang NeMo
1642518388-2071,https://www.facebook.com/TrangNemo2021/posts/469624227896468,Nh∆∞ Nh∆∞,Y√™u ch·ªã
1642518388-2083,https://www.facebook.com/TrangNemo2021/posts/469624227896468,Th·∫£o My,V·∫´n gi√°m b√°n h·∫£ ch·ªã g√°i ng∆∞·ªùi ƒë·∫πp m√† c√°i n·∫øt k√¨ qu√° ƒë·ªÉ cho nh√¢n vi√™n c·ªßa m√¨nh qu√Ωnh ng∆∞·ªùi ta xong c√≤n v·ªï tay
1642518388-2103,https://www.facebook.com/TrangNemo2021/posts/469624227896468,T√¢y ƒê√¥,t√∫i n√†y ƒëi t√π l√† h·ª£p nh·∫•t
1642518388-2165,https://www.facebook.com/TrangNemo2021/posts/469624227896468,Qu·ªëc Vi·ªát,ch·∫•m
1642518388-2121,https://www.facebook.com/TrangNemo2021/posts/469624227896468,Janny Tran,S·∫≠p ti·ªám s·ªõm nha b√† n·ªôi. S·ªëng √°c v√£i loz
1642518388-2133,https://www.facebook.com/TrangNemo2021/posts/469624227896468,Sakura Shop - H√†ng Nh·∫≠t ch√≠nh h√£ng,GEL TR·ªä H√îI N√ÅCH KOBAYASHI
1642518388-2158,https://www.facebook.com/TrangNemo2021/posts/469624227896468,Linh Anhh,g th√≠ch ƒë·∫∑t xong boom ƒë∆∞·ª£c kh g√≤i t boom xong t√≠nh g·ªçi th·∫±ng b√™ ƒë√™ ra ƒë·∫≠p t h√£
1642518388-2057,https://www.facebook.com/TrangNemo2021/posts/469624227896468,H√°n Ti·∫øn Phi,C·∫≠p nh·∫≠t m·ªõi nh·∫•t drama trang nemo v√† tr·∫ßn my
1642518388-2067,https://www.facebook.com/TrangNemo2021/posts/469624227896468,Kh·∫£ Zyy,Tr·∫ßn Th∆∞ ƒë·∫πp qu√° th√¥i ko mua ha m
1642518388-2059,https://www.facebook.com/TrangNemo2021/posts/469624227896468,Nguy·ªÖn Minh Ch√¢u,Ch·∫Øc v·∫´n ·ªïn =)) https://tiin.vn/.../tung-boc-phot-chong-ngoai-tinh-cuoc...
1642518388-2033,https://www.facebook.com/TrangNemo2021/posts/469624227896468,Tr·ªãnh Thanh Ph∆∞∆°ng,Lo·∫°i v√¥ ƒë·∫°o ƒë·ª©c
1642518388-2030,https://www.facebook.com/TrangNemo2021/posts/469624227896468,Du Chu,T·∫©y chay shop nay !
1642518388-1992,https://www.facebook.com/TrangNemo2021/posts/469624227896468,Ph·∫°m H·ªìng Nhung,Dcm ch·ªß shop m·∫•t n√£o
1642518388-2137,https://www.facebook.com/TrangNemo2021/posts/469624227896468,T√∫ Anh Pham,M·∫•y k√®o tr∆∞·ªõc ch·ªã c·ªßa e live d·ªØ l·∫Øm m√† sao k√®o n√†y ch∆∞a th·∫•y ch·ªã live v·∫≠y ch·ªã b·ªô kh√≥ ƒÉn qu√° h·∫£
1642518388-2031,https://www.facebook.com/TrangNemo2021/posts/469624227896468,Nguyet Anh,Xin gia t√∫i a
1642518388-2128,https://www.facebook.com/TrangNemo2021/posts/469624227896468,Luca ƒêang V√£ Otp,Nguy·ªÖn Th·ªã Th√πy Linh biet tin j ch∆∞a ch·ªã iu ∆°i
1642518388-2076,https://www.facebook.com/TrangNemo2021/posts/469624227896468,Nguy·ªÖn H√†,ƒê·∫øn shop mua s·ª£ b·ªã ƒë·∫≠p gi·ªØ
1642518388-2149,https://www.facebook.com/TrangNemo2021/posts/469624227896468,Su Dayy,Nh∆∞ cc ƒë√©o ra th·ªÉ th·ªëng r√¨=))
1642518388-2150,https://www.facebook.com/TrangNemo2021/posts/469624227896468,Tu·ªá Minhh,"Trang said ""m√¨nh nh√¨u ti·ªÅn m√† :))"""
1642518388-2051,https://www.facebook.com/TrangNemo2021/posts/469624227896468,Nghii Dayy,√öi tr m√° c√≥ drama nh∆∞ v v·∫´n ƒëƒÉng 1 ƒë·ªëng b√†i nh∆∞ ƒër v trr=))
1642518388-2183,https://www.facebook.com/TrangNemo2021/posts/469624227896468,Nguy·ªÖn Kh√°nh,Phuong Linh t√∫i x·∫•u qu√° v·∫≠y m
1642518388-2039,https://www.facebook.com/TrangNemo2021/posts/469624227896468,Nguy·ªÖn Th·ªã Ng·ªçc Nhii,Shop Yang h·ªì
1642518388-2006,https://www.facebook.com/TrangNemo2021/posts/469624227896468,Tun Tun,Nghƒ©a ƒëang ƒë·ª£i trang ra ƒë√¢y b√°n h√†ng ƒë·∫Øt kh√°ch l·∫Øm
1642518388-2177,https://www.facebook.com/TrangNemo2021/posts/469624227896468,Ho√†ng Th·ªã Thu Huy·ªÅn,l·ª° h·ªèi h√†ng ko mua ch·∫Øc k√©o c·∫£ l√≤ bede t·ªõi nh√† d·∫≠p cm m√¨nh qu√°
1642518388-2152,https://www.facebook.com/TrangNemo2021/posts/469624227896468,Ng·ªçc Th√†nh Nguy·ªÖn,Shop d∆° wa
1642518388-2173,https://www.facebook.com/TrangNemo2021/posts/469624227896468,Ng·ªçc Linh Chi,ch√∫c ch·ªã ƒëi t√π
1642518388-2143,https://www.facebook.com/TrangNemo2021/posts/469624227896468,B√πi B·∫£o Nam,B√™n ch·ªã c√≤n tuy·ªÉn nh√¢n vi√™n kh√¥ng v ch·ªã
1642518388-2093,https://www.facebook.com/TrangNemo2021/posts/469624227896468,Âº†ÈùíÁª¥,D·∫° v√¨ c√≥ h·∫°n n√™n e nh∆∞·ªùng n·ªôi ngo·∫°i ch·ªã d√πng ·∫°
1642518388-2054,https://www.facebook.com/TrangNemo2021/posts/469624227896468,S∆°Ne Ayun,√öi gi·ªùi ∆°i ng∆∞·ªùi ta ch∆∞a ƒë∆∞a ch·ªã ra ph√°p tr∆∞·ªùng √† :)))
1642518388-2021,https://www.facebook.com/TrangNemo2021/posts/469624227896468,V≈© H·ªìng Linh,ƒëeo t√∫i n√†y ƒëi ƒë√°nh nhau ƒëc k ch·ªã
1642518388-2016,https://www.facebook.com/TrangNemo2021/posts/469624227896468,ƒêi cmt cho vui th√¥i,N√†y v√†o t√π mang l√† ƒë·∫πp nh·∫•t bu·ªìng
1642518388-2114,https://www.facebook.com/TrangNemo2021/posts/469624227896468,Lan Ph·∫°m,C√≥ ai d√°m mua nua ƒë√¢u ma so l∆∞·ª£ng c√≥ h·∫°ng
1642518388-1994,https://www.facebook.com/TrangNemo2021/posts/469624227896468,L∆∞·ªùng Stony,Nh√¢n ph·∫©m ƒëeo c√≥ ch√≥ n√≥ mua nh√† m !
1642518388-2025,https://www.facebook.com/TrangNemo2021/posts/469624227896468,√Åi Nhi,ai ƒë√¢u mua l√™u l√™u
1642518388-2082,https://www.facebook.com/TrangNemo2021/posts/469624227896468,ƒê·ªó Thy,N√°ch h∆°n th√¢m √° ch·ªã
1642518388-2125,https://www.facebook.com/TrangNemo2021/posts/469624227896468,Ph·∫°m Th√∫y Quy√™n,·ªí ƒë√¢y l√† shop trang n·∫•m m·ªì h·∫£ ta
1642518388-2014,https://www.facebook.com/TrangNemo2021/posts/469624227896468,Th∆∞ Nguy·ªÖnn,Chuanbi d·∫πp shop r·ªìi c√≤n ƒëƒÉg b√†iii n·ªØa d·ªã m√°
1642518388-2159,https://www.facebook.com/TrangNemo2021/posts/469624227896468,Kh√°nh Linhk,https://link1s.com/LNcWRc0H cho nh∆∞ng ai ch∆∞a bt
1642518388-2036,https://www.facebook.com/TrangNemo2021/posts/469624227896468,Thanh Nh√†n,t·∫©y chay shop
1642518388-2119,https://www.facebook.com/TrangNemo2021/posts/469624227896468,Mai Linh,·ªàa ·ªâa
1642518388-2012,https://www.facebook.com/TrangNemo2021/posts/469624227896468,Di·ªáu Nguy·ªÖn,T√≠nh d√¥ shop l·ª±a m·∫•y c√°i ƒëeo ch∆°i  ch∆°i  m√† s·ª£ ko mua b·ªã m·∫•y m·∫π bede qu√°nh
1642518388-2063,https://www.facebook.com/TrangNemo2021/posts/469624227896468,ƒêan Nguy·ªÖn,T·∫©y chay
1642518388-2035,https://www.facebook.com/TrangNemo2021/posts/469624227896468,Nguy·ªÑn M·∫°nh T√¢n,M·∫∑t th√¨ b·ªï ngang b·ªï d·ªçc l√†m ƒÉn th√¨ b·ªë l√°o  t√≠nh t√¨nh th√¨ c√¥n ƒë·ªì ch·ª£ b√∫a  h√†nh hung ng∆∞·ªùi kh√°c trong khi s·ª± vi·ªác ch·∫£ li√™n quan g√¨ t·ªõi ng∆∞·ªùi ta  c√°i lo·∫°i ƒÉn ·ªü kh√¥ng c√≥ ƒë·ª©c s·∫•u ng∆∞·ªùi s·∫•u c·∫£ n·∫øn th√¨ ƒë·ªì b√°n ra c≈©ng kh√°c g√¨ m·∫•y c√°i ƒë·ªì √¥ h·ª£p ch·ª£ ƒëen  nhi·ªÅu kh‚Ä¶ Xem th√™m
1642518388-2056,https://www.facebook.com/TrangNemo2021/posts/469624227896468,T·ªë Quy√™n,Xin Gi√° Thu·ªëc Gi·∫£m C√¢n.. :))
1642518388-2053,https://www.facebook.com/TrangNemo2021/posts/469624227896468,Ph∆∞∆°ng Th·∫£o,C√°i ti·ªám nh∆∞ v·∫≠y c√≥ cho ti·ªÅn tui kh d√°m mua h√†ng  t·ª´ c√°i d·ª• ƒÉn c·∫Øp d√¨ ƒë√≥ l√† t·ªõi h th·∫•y th·ªÉ hi·ªán qu√° ƒë√°ng  c√°i n√†o c≈©ng c√≥ gi·ªõi h·∫°n th√¥i. Vui th√¥i ƒë·ª´ng vui qu√°. Vui qu√° l√† v√†o h√≤m n·∫±m nha ch·ªã
1642518388-2037,https://www.facebook.com/TrangNemo2021/posts/469624227896468,Mai Thu Ph∆∞∆°ng,Ch·ªß shop v·ªõi nh√¢n vi√™n m√©o ra g√¨
1642518388-2145,https://www.facebook.com/TrangNemo2021/posts/469624227896468,Tr·∫ßn Ki·ªát,Shop to√†n ƒë√†n √¥ng m·∫∑c v√°y ƒëc m·ªói trang
1642518388-2050,https://www.facebook.com/TrangNemo2021/posts/469624227896468,H·∫£o L·ªõ,Xin dc ch·ªët ƒë∆°n mua t√∫i t·∫∑ng th√™m 10 a zang h·ªì
1642518388-2098,https://www.facebook.com/TrangNemo2021/posts/469624227896468,Uchiha Yennhi,Fake nh∆∞ nhau th√¥i m√≤
1642518388-2169,https://www.facebook.com/TrangNemo2021/posts/469624227896468,Nguy·ªÖn Tu·ªá Linh,"Ch·ªã Trang nemo n√†y gi√†u r·ªìi √≠t ƒë∆°n ch·ªã c≈©ng ko ngh√®o ƒëi.  N√™n c√°c ch·ªã ƒë∆∞ng l√†m gi√†u cho ch·ªã √Ω n·ªØa. H√£y mua h√†ng cho nh·ªØng ng∆∞·ªùi kh√°c ngh√®o h∆°n ƒëi ·∫°, xem mua d∆∞·ª£c m·ªπ ph·∫©m b√™n em nha."
1642518388-2184,https://www.facebook.com/TrangNemo2021/posts/469624227896468,Nguy·ªÖn Th√∫y B√¨nh,"N·∫øt nh∆∞ cl tr·ªát xu·ªëng m∆∞∆°ng, ƒë·ªông t√≠ l√† nh·∫£y ƒë·ªïng l√™n y chang ai ƒë·ªï n∆∞·ªõc s√¥i v√†o h√°ng  nh√¢n c√°ch nh∆∞ cl, t·ª´ nay kh·ªèi l√†m ƒÉn bu√¥n b√°n g√¨ n·ªØa l√† v·ª´a, ch·∫£ ai mua n·ªïi n·ªØa ƒë√¢u"
1642518388-2144,https://www.facebook.com/TrangNemo2021/posts/469624227896468,Bee Bee,d·ªÉ s√†i ƒëi shop ∆°i ch·ª© h ch√≥ n√≥ mua
1642518388-2010,https://www.facebook.com/TrangNemo2021/posts/469624227896468,C·∫©m H·ªìng,Shop m√¨nh c√≥ nh√¢n vi√™n ch√†o ƒë√≥n kh√°ch m·∫°nh b·∫°o qu√°=))))
1642518388-2007,https://www.facebook.com/TrangNemo2021/posts/469624227896468,Ho√†ng Th√πy D∆∞∆°ng,cho mua ch·ª•c c√°i t√∫i . ship ƒë√¢u th√¨ ship ch·ª© n·∫øt n√†y ƒë√©o th√≠ch mua h√†ng
1642518388-2139,https://www.facebook.com/TrangNemo2021/posts/469624227896468,N·ªØ Qu√†ng H·∫Øc √Åm,r·ªìi ngta  sai ƒë·∫øn ƒë·ªô n√†o th√¨ c≈©ng ƒë√¢u c√≥ quy·ªÅn ƒë√°nh nh∆∞ th·∫ø ???
1642518388-2115,https://www.facebook.com/TrangNemo2021/posts/469624227896468,L√™ Huu Phuoc,Th·∫ßy √¥ng n·ªôi ƒëang ch·ªù ch·ªã
1642518388-2087,https://www.facebook.com/TrangNemo2021/posts/469624227896468,Tran Ngoc Anh,Dcm th√¥i shop d·∫πp cmn ƒëi shop ·∫°. Kh·ªën n·∫°n vl . K√©o kh√¢u trang ng kh√°c. Nh√¢n c√°ch ch√°n vl
1642518388-2100,https://www.facebook.com/TrangNemo2021/posts/469624227896468,ƒê·∫∑ng H·∫£i Y·∫øn,"V·∫´n b√°n h√†ng ƒë∆∞·ª£c √† ch·ªã g√°i, em t∆∞·ªüng ch·ªã ph·∫£i kho√° fb g·∫•p ch·ª©"
1642518388-2080,https://www.facebook.com/TrangNemo2021/posts/469624227896468,Na Nguyen,Xu·∫•t s·∫Øc
1642518388-2078,https://www.facebook.com/TrangNemo2021/posts/469624227896468,Trung Dao,Shoopp loz g√¨ to√†n BD tr√¥ng t·ªüm vcl :)))
1642518388-2176,https://www.facebook.com/TrangNemo2021/posts/469624227896468,Anh Tran,www.dulichalotour.com
1642518388-2127,https://www.facebook.com/TrangNemo2021/posts/469624227896468,Nguy·ªÖn Linh,CH·ª¶ SHOP ·ªû √ÅC
1642518388-2131,https://www.facebook.com/TrangNemo2021/posts/469624227896468,Nguyen Thi Yen Nhi,Th·∫ø ch·ªã c√≥ t√∫i l√° chu·ªëi ko ·∫°?
1642518388-2086,https://www.facebook.com/TrangNemo2021/posts/469624227896468,ƒê√†i Trang,Gi·ªù ƒë·∫∑t h√†ng xong boom th√¨ c√≥ b·ªã g·ªçi giang h·ªì ƒë·∫≠p kh√¥ng ·∫°?
1642518388-2032,https://www.facebook.com/TrangNemo2021/posts/469624227896468,H·ªì Xu√¢n Ho√†ng,Shop to√†n ƒë·ªì c√≥ chym ai d√°m mua
1642518388-2023,https://www.facebook.com/TrangNemo2021/posts/469624227896468,Bee K·∫πo,L·∫•y cho em v√† Nhu Ys 2 t√∫i ship qua sao ho·∫£ nha cj
1642518388-2179,https://www.facebook.com/TrangNemo2021/posts/469624227896468,S∆°n Nguy·ªÖn H·ªìng,T·∫©y chay con n√†y ƒëi m·ªçi ng∆∞·ªùi ∆°i
1642518657-2357,https://www.facebook.com/TrangNemo2021/posts/469569254568632,Tr·∫ßn Y·∫øn Nhi,Deeeeee
1642518657-2316,https://www.facebook.com/TrangNemo2021/posts/469569254568632,T·∫ßn Chi H√¢n,Ki·∫øp n√†y coi nh∆∞ toang:)))
1642518657-2353,https://www.facebook.com/TrangNemo2021/posts/469569254568632,ƒê·ªó ƒê√†m Ng·ªçc D≈©ng,"Trang Nemo ra c·ª≠a ph√°t tr·ª±c ti·∫øp xem coi n√†o, h√¥m qua live dk sao h√¥m nay k live v·∫≠y"
1642518657-2273,https://www.facebook.com/TrangNemo2021/posts/469569254568632,Linh Nguy·ªÖn,V√†o nh√≥m t·∫©y chay shop yang h·ªì n√†y n√†o Mn https://facebook.com/groups/992237757838014/
1642518657-2313,https://www.facebook.com/TrangNemo2021/posts/469569254568632,Na Na,Con TM ng∆∞ √¥ng ƒë·∫Øc l·ª£i
1642518657-2321,https://www.facebook.com/TrangNemo2021/posts/469569254568632,H·∫Øc H√†n Thi√™n Kinzz,T·∫©y chay shop Trang NeMo
1642518657-2259,https://www.facebook.com/TrangNemo2021/posts/469569254568632,Thanh Anh,Mua l·∫π ƒë·ªÉ d√∫ ƒë∆∞·ª£c b·ª±
1642518657-2305,https://www.facebook.com/TrangNemo2021/posts/469569254568632,Vi·ªát'x L√°o'x,G√≤i g√≤i m√†y xong g√≤i . H√≥t lu√¥n
1642518657-2377,https://www.facebook.com/TrangNemo2021/posts/469569254568632,Ki√™n Sa,Yee s·∫Øp ƒë∆∞·ª£c ƒÉn c·ªó gi·ªó r
1642518657-2276,https://www.facebook.com/TrangNemo2021/posts/469569254568632,ƒê·ªó Quang,pass m·∫´u c√¢y b√∫t th·∫ßn cho mn v·∫Ω nh√¢n c√°ch nha
1642518657-2346,https://www.facebook.com/TrangNemo2021/posts/469569254568632,ƒê·ªãck N·ªï Nh√† P√∫n,em boom h√†ng ·∫°
1642518657-2286,https://www.facebook.com/TrangNemo2021/posts/469569254568632,Trang Anh Cao,·ª¶NG H·ªò C TRANG. Team TRang nemo
1642518657-2375,https://www.facebook.com/TrangNemo2021/posts/469569254568632,Kim Di·ªáu H·∫±ng,.
1642518657-2274,https://www.facebook.com/TrangNemo2021/posts/469569254568632,Ph·ª•ng Ph∆∞·ª£t,"Ship cho em 1 b·ªô,"
1642518657-2282,https://www.facebook.com/TrangNemo2021/posts/469569254568632,Tung Vo,T·∫©y chay shop nay !
1642518657-2266,https://www.facebook.com/TrangNemo2021/posts/469569254568632,V√µ Th·ªã Ng·ªçc Luy·∫øn,C·ªë t·ªè ra l√† m√¨nh ·ªïn nh∆∞ng s√¢u b√™n trong loz rung nh∆∞ ƒëi·ªán gi·∫≠t :))
1642518657-2288,https://www.facebook.com/TrangNemo2021/posts/469569254568632,Ph·∫°m Vi,H·ªèk mua c√≥ b·ªã d·ª±t kh·∫©u trang hong cj em s·ª£ d·ªãch l·∫Øm:))
1642518657-2340,https://www.facebook.com/TrangNemo2021/posts/469569254568632,Nam L√™,C√≥ ai nghƒ© nh∆∞ t√¥i ko. T√¥i nghƒ© con Tr√¢m gi·ªù n√≥ vui l·∫Øm. Ki·ªÉu cho ch·ª´a m√†y nhe Trang
1642518657-2358,https://www.facebook.com/TrangNemo2021/posts/469569254568632,Tieu Vu,"Trang Nemo ƒë.e do.·∫° d√πng v≈© l·ª±c v·ªõi Tr·∫ßn My ƒë√≤i b·ªìi th∆∞·ªùng 5t·ª∑ , th√°c.h th·ª©c CƒêM theo d√µi m√¢u thu·∫´n c·ª±c cƒÉng https://top10thuduc.com/trang-nemo-d-e-do-a-dung-vu-luc... #trangnemo #tr·∫ßnmy"
1642518657-2244,https://www.facebook.com/TrangNemo2021/posts/469569254568632,T√∫ Anh Pham,·ª¶a v·∫≠y mn ƒë·ªãnh bom h√†ng ch·ªã tui h·∫£ üòÆ‚Äçüí®üòÆ‚Äçüí®  cho tui bom c√πng nhe
1642518657-2379,https://www.facebook.com/TrangNemo2021/posts/469569254568632,Ph∆∞∆°ng Th·∫£o,"Em mua m√† tr·∫£ gi√° c√≥ b·ªã d·ª±t kh·∫©u trang ƒë√°nh vƒÉng cl, b·∫ßm con m·∫Øt kh√¥ng ch·ªã :(("
1642518657-2290,https://www.facebook.com/TrangNemo2021/posts/469569254568632,Nguy·ªÖn Huy·ªÅn,T·∫©y chay shop c√¥n ƒë·ªì
1642518657-2348,https://www.facebook.com/TrangNemo2021/posts/469569254568632,Maii Phuongg,Trang nam m√¥
1642518657-2338,https://www.facebook.com/TrangNemo2021/posts/469569254568632,V√¢n Nga,Nh∆∞ng ph·∫£i n√≥i b·∫£ xinh thi·ªác
1642518657-2292,https://www.facebook.com/TrangNemo2021/posts/469569254568632,Linh Nguy·ªÖn,m·∫´u x·∫•u v√£i l
1642518657-2320,https://www.facebook.com/TrangNemo2021/posts/469569254568632,Ling Thuy,Bn b·ªô v·∫≠y ch·∫ø
1642518657-2374,https://www.facebook.com/TrangNemo2021/posts/469569254568632,Nguy·ªÖn ƒê·∫°i Ph√°t,https://www.facebook.com/search/top?q=tr%E1%BA%A7n%20my%20v%C3%A0%20trang%20nemo
1642518657-2291,https://www.facebook.com/TrangNemo2021/posts/469569254568632,C√† VƒÉn H∆∞nh,Ch·ªß shop l√†m c.a.v.e k√¨a o·∫π
1642518657-2323,https://www.facebook.com/TrangNemo2021/posts/469569254568632,M·∫°ch Th·ªã Ng·ªçc √Ånh,Nh√¨n qu·∫ßn nh∆∞ qu·∫ßn b√† n·ªôi em v·∫≠y ƒë√≥
1642518657-2301,https://www.facebook.com/TrangNemo2021/posts/469569254568632,Nguy·ªÖn Th·ªã Thu·ª∑,B√°n ƒë·∫Øt qu√° ƒë√©o mua
1642518657-2277,https://www.facebook.com/TrangNemo2021/posts/469569254568632,Qu·ª≥nh Nguy·ªÖn,C√≥ d·ªãu d√†ng nh∆∞ ch·ªß shop ko ·∫°
1642518657-2331,https://www.facebook.com/TrangNemo2021/posts/469569254568632,Xu√¢n T√∫i,"M·∫∑c b·ªô n√†y ƒëi ch·ª≠i ng∆∞·ªùi v·ªõi ƒë√°nh thu√™ ko h·ª£p , ƒë·ªïi b·ªô kh√°c ƒëi e"
1642518657-2279,https://www.facebook.com/TrangNemo2021/posts/469569254568632,Nguy·ªÖn Linh Ly,C√°c tyo gh√© GRUOP CHƒÇM S√ìC DA B√äN EM NAH - H√ÄNG CH√çNH H√ÉNG V√Ä KO C√ì DRAMA   (s·∫£n ph·∫©m n√≥i kh√¥ng v·ªõi kem tr·ªôn - r∆∞·ª£u thu·ªëc) https://www.facebook.com/groups/1007064686501522
1642518657-2364,https://www.facebook.com/TrangNemo2021/posts/469569254568632,The Thanh,B√°nh M√¨ B∆° S·ªØa c√≥ ship n∆∞·ªõc ngo√†i hongg p√†
1642518657-2309,https://www.facebook.com/TrangNemo2021/posts/469569254568632,Nguy·ªÖn Xu√¢n Phong,G√ìC QUAY XE C·ª¶A CH·ªä ƒê√ÇU R
1642518657-2373,https://www.facebook.com/TrangNemo2021/posts/469569254568632,H·ªØu Nghƒ©a,
1642518657-2339,https://www.facebook.com/TrangNemo2021/posts/469569254568632,L√£ Trinh,Report ƒë√™
1642518657-2250,https://www.facebook.com/TrangNemo2021/posts/469569254568632,Huy ƒê·∫∑ng,Em ch√∫c cho shop m√¨nh ph√°t ƒë·∫°t bu√¥n may b√°n ƒë·∫Øt nh∆∞ shop Mai H∆∞·ªùng =))
1642518657-2327,https://www.facebook.com/TrangNemo2021/posts/469569254568632,Phan Th·ªã Th∆∞∆°ngg,ƒê·∫∑ng Th·ªã √Ånh Tr√∫c Ho√†ngg Quy√™nn v√¥ boom h√†g m ∆°i
1642518657-2299,https://www.facebook.com/TrangNemo2021/posts/469569254568632,T·∫•n,k√™u 2 con b√™ ƒë√™ kia ƒë√†o l·ªó s·∫µn ƒëi
1642518657-2351,https://www.facebook.com/TrangNemo2021/posts/469569254568632,Ng√¢n Day,Ch·ªã ·ªïn h√¥k??
1642518657-2245,https://www.facebook.com/TrangNemo2021/posts/469569254568632,Nguy·ªÖn Th√†nh ƒê·∫°t,B√°n √°o n√†y kh√¥ng em
1642518657-2376,https://www.facebook.com/TrangNemo2021/posts/469569254568632,H√† Qu·ª≥nh Th∆°,
1642518657-2312,https://www.facebook.com/TrangNemo2021/posts/469569254568632,Kim ƒêan,Moi ng∆∞·ªùi ∆°i ƒë·ª´ng mua h√†ng c·ªßa b√† n√†y n·ªØa
1642518657-2344,https://www.facebook.com/TrangNemo2021/posts/469569254568632,Nguy·ªÖn √öt Nhi,"Chuy·ªán n√†o ra chuy·ªán ƒë√≥. Ai c≈©g c√≥ c√°i sai ri√™ng . Sai nhi·ªÅu th√¨ ph·∫°t nhi·ªÅu , sai √≠t th√¨ ph·∫°t √≠t. Gi·ªù c√≥ s√∫m l·∫°i ch∆∞·ªüi ƒë√® √©p ngta ch·ªß shop th√¨ c≈©g ƒëc g√¨."
1642518657-2281,https://www.facebook.com/TrangNemo2021/posts/469569254568632,V√µ Ng·ªçc Hi·∫øu,M·∫∑c v√¥ d·ªãu d√†ng n·ªÅn n√£ gi·ªëng nh∆∞ n·∫øt c·ªßa ch·ªã
1642518657-2265,https://www.facebook.com/TrangNemo2021/posts/469569254568632,Nguy·ªÖn Danh D∆∞∆°Ng,M·∫•y anh ch·ªã em n√™n h·ªçc thu·ªôc l√≤ng m·∫•y c√¢u n√†y tr∆∞·ªõc cho ƒë·ª° b·ª° ng·ª° sau n√†y nha ;))
1642518657-2294,https://www.facebook.com/TrangNemo2021/posts/469569254568632,√öt Quy·ªÅn,ƒë·ªì d·ªãu d√†ng n·ªÅn n√£ cho nh√¢n vi√™n ch·ªã b·∫≠n ƒëi nh√©
1642518657-2318,https://www.facebook.com/TrangNemo2021/posts/469569254568632,Nguy·ªÖn Ho√†ng S∆°n,N√†y b√°n tr·∫•n an tinh th·∫ßn n√®
1642518657-2352,https://www.facebook.com/TrangNemo2021/posts/469569254568632,Dayy Th·∫ªo,Cb ƒë√≥ng c·ª≠a h√†ng l√† v·ª´a nha cj iu
1642518657-2324,https://www.facebook.com/TrangNemo2021/posts/469569254568632,Kh√≥ ∆Øa,Namo adidaphat
1642518657-2307,https://www.facebook.com/TrangNemo2021/posts/469569254568632,Y·∫øn Thy,T·∫øt n√†y nghƒ© ƒÉn t·∫øt l√† v·ª´a r·ªìi b√† ∆°ii=))
1642518657-2237,https://www.facebook.com/TrangNemo2021/posts/469569254568632,Qu·ª≥nh Ly,MONG QU·∫¢N L√ù TH·ªä TR∆Ø·ªúNG V√ÄO B·∫ÆT H√ÄNG C·ª¶A CH·ªä TRANG M·∫ÆM T√îM.
1642518657-2341,https://www.facebook.com/TrangNemo2021/posts/469569254568632,Nigirisushi Kitkatmatcha,T√≠nh boom m√† s·ª£
1642518657-2333,https://www.facebook.com/TrangNemo2021/posts/469569254568632,Tr·∫°i D·∫ø T√¢y Ninh,https://www.facebook.com/kasynlove/ mn v√¥ like page t√¢y ninh nha
1642518657-2289,https://www.facebook.com/TrangNemo2021/posts/469569254568632,L√™ Th·ªã T∆∞·ªùng Vi,"Cho e 10 b·ªô , v·ªõi √≠t ti·ªÅn ƒëi ch·ªã , ship ƒë√¢u c≈©ng ƒëc n√® , nghe b·∫£o ch·ªã nhi·ªÅu ti·ªÅn l·∫Øm . Kh ·∫•y ch·ªã t·∫∑ng e √≠t ti√™u T·∫øt ƒëi ·ªëlala"
1642518657-2297,https://www.facebook.com/TrangNemo2021/posts/469569254568632,Nguy·ªÖn Th·ªã Kim Ng·ªçc,xu√¢n n√†y trang kh v·ªÅ
1642518657-2260,https://www.facebook.com/TrangNemo2021/posts/469569254568632,Tu·∫•n Ninh B√¨nh,"m·ªõi mua c√°i √°o mickey ch∆∞a m·∫∑c 1 l·∫ßn, c·∫ßn pass l·∫°i gi√° r·∫ª. m√¨nh ·ªü qu·∫≠n 4"
1642518657-2263,https://www.facebook.com/TrangNemo2021/posts/469569254568632,Tr·∫ßn Nguy·ªÖn Ho√†ng √Ånh,"d·ªãu d√†ng n·ªÅn n√£ m√† ƒëi qu√°nh ng∆∞·ªùi ta v·∫≠y ƒë√≥, giang h·ªì m√† b√†y ƒë·∫∑t gi·∫£ nai"
1642518657-2302,https://www.facebook.com/TrangNemo2021/posts/469569254568632,Ng√≥c Ngh·∫øch,√Åo c tramg b√°n Danh ƒë·ªÉ lam m·∫π thi·ªán ha ko c
1642518657-2249,https://www.facebook.com/TrangNemo2021/posts/469569254568632,G√† T·∫ßn,mua xong b·ªã d·ª±t kh·∫©u trang ƒë√°nh d·∫≠p l√≤n kh√¥ng :))
1642518657-2257,https://www.facebook.com/TrangNemo2021/posts/469569254568632,H·∫° C√≤n V∆∞∆°ng N·∫Øng,"T Nemo tr∆∞·ªõc ƒë√¢y n√≥ l√†m g√°i masa, g√°i bia √¥m, xong sau n√†y c√≥ v·ªën ra bu√¥n b√°n m·ªü shop, nh·∫≠p 1 b√°n 10 n√™n m·ªõi gi√†u s·ª• v·∫≠y, h·ªìi nghe ƒë√¢u ƒëi v·ªõi n√≥ gi√° 1 cu·ªëc 6-7 trƒÉm, :)) ai m√† ch·∫£ bi·∫øt con n√†y, ƒÉn n·∫±m bi·∫øt bao nhi√™u ng∆∞·ªùi, d∆° b·∫©n"
1642518657-2268,https://www.facebook.com/TrangNemo2021/posts/469569254568632,Chun Nguy·ªÖn,Nam m√¥ a di ƒë√† ph·∫≠t
1642518657-2343,https://www.facebook.com/TrangNemo2021/posts/469569254568632,Nguy·ªÖn VƒÉn Th·ªç,Th·∫ßy √¥ng n·ªôi ·ªü ƒë√¢u..
1642518657-2325,https://www.facebook.com/TrangNemo2021/posts/469569254568632,T√¢m V√≤ng,C√≥ b√°n gi√°p h·ªìi sinh k? :)))
1642518657-2311,https://www.facebook.com/TrangNemo2021/posts/469569254568632,T·∫° Hi·ªÅn Th√∫y,M√©o ai mua
1642518657-2370,https://www.facebook.com/TrangNemo2021/posts/469569254568632,V≈© Ho√†ng ƒê·ª©c,Trang nghƒ© th·∫ø n√†o n·∫øu con  Trang b·ªã m·ªì c√¥i Cha l·∫´n M·∫π  . √Çu th√¨ Chu·∫©n b·ªã  cho ch√°u  l√† v·ª´a  .  . L√™n  ƒë·ªì h·∫øt r·ªìi  . ƒê·ª£i  gi√°m t√≠ch n·ªØa  l√† ƒëi ƒë√≥  Trang  ∆°i  .
1642518657-2319,https://www.facebook.com/TrangNemo2021/posts/469569254568632,L√Ω Thanh H√†o,Chu·∫©n b·ªã n·∫±m m·ªô m√† c≈©ng c√≤n b√°n h·∫£ Nemo
1642518657-2378,https://www.facebook.com/TrangNemo2021/posts/469569254568632,Ph∆∞∆°ng Th·∫£o,H√≥ng ch·ªß shop ƒë∆∞·ª£c ch·ªët ƒë∆°n nh∆∞ Mike H∆∞·ªùng
1642518657-2254,https://www.facebook.com/TrangNemo2021/posts/469569254568632,Th·∫£o Nguy·ªÖn,C√≥ ao mickey ko ch·ªã
1642518657-2251,https://www.facebook.com/TrangNemo2021/posts/469569254568632,Ph∆∞∆°ng Th·∫£o Eyelash,B√°o c√°o ƒëi c·∫£ nh√†
1642518657-2248,https://www.facebook.com/TrangNemo2021/posts/469569254568632,ƒêinh VƒÉn H∆∞ng,Trang nam m√¥
1642518657-2255,https://www.facebook.com/TrangNemo2021/posts/469569254568632,Nguy·ªÖn Ng·ªçc Huy·ªÅn,C c√≥ ti·ªÅn n·∫±m vi·ªán ch∆∞a ch·ªã? H·ªèi v·∫≠y th√¥i ch·ª© em c≈©ng k c√≥ ti·ªÅn cho c ƒë√¢u
1642518657-2298,https://www.facebook.com/TrangNemo2021/posts/469569254568632,Thanh Binh,K√¨ n√†y ƒÉn t·∫øt s·ªõm lu√¥n:))))
1642518657-2304,https://www.facebook.com/TrangNemo2021/posts/469569254568632,Nguy·ªÖn Nh√¢n,"M·∫∑c v√†o c√≥ ""d·ªãu d√†ng"" nh∆∞ ch·ªß shop ko ·∫°"
1642518657-2336,https://www.facebook.com/TrangNemo2021/posts/469569254568632,Thanh Nguyen,Con idul ƒë√¢y h·∫£
1642518657-2239,https://www.facebook.com/TrangNemo2021/posts/469569254568632,H·ªìng Chiri,Ch√∫c c s·ªõm d·∫πp ti·ªám :))
1642518657-2314,https://www.facebook.com/TrangNemo2021/posts/469569254568632,Ng·ªçc Ng√†,C√≥ b√°n b·ªô n√†y k ch·ªã
1642518657-2242,https://www.facebook.com/TrangNemo2021/posts/469569254568632,Ch√¢u Tinh Ph√°t,C√≥ m·∫´u n√†y kh√¥ng ch·ªã‚Ä¶ C√≥ th√¨ ship cho em v√†i b·ªô cho NV c·ªßa ch·ªã m·∫∑c ƒÉn t·∫øch‚Äôs
1642518657-2361,https://www.facebook.com/TrangNemo2021/posts/469569254568632,Tien Luu,Duong Gia Nhi boom h√†ng kh em
1642518657-2326,https://www.facebook.com/TrangNemo2021/posts/469569254568632,Hychodict Mallate Tracey,ƒë·ªì d·ªãu d√†ng n·ªÅn n√£ m√† ch·ªã m·∫∑c l√™n n√≥ kh√¥ng d·ªãu ƒë∆∞·ª£c mi·∫øng n√†o h·∫øt √° :((? ·∫£o th·∫≠t ƒë·∫•y
1642518657-2315,https://www.facebook.com/TrangNemo2021/posts/469569254568632,Ng·ªçc Th·∫£o,ch∆∞a ch·∫øt h·∫£ c
1642518657-2285,https://www.facebook.com/TrangNemo2021/posts/469569254568632,VƒÉn Tuy·ªÅn,Shop giang h·ªì l∆∞u manh
1642518657-2261,https://www.facebook.com/TrangNemo2021/posts/469569254568632,√Åi Li√™n,ƒê·ªì c·ªßa shop d·ªãu d√†ng n·ªÅn n√£ m√† sao ch·ªß shop v·ªõi nvien shop c√¥n ƒë·ªì qu√° z :<
1642518657-2295,https://www.facebook.com/TrangNemo2021/posts/469569254568632,Nh·∫•t Tone,H·ªì VƒÉn K·ª≥  r√°ng mua n√® h·ªïng mua b·ªã qu√°nh ·ª©
1642518657-2369,https://www.facebook.com/TrangNemo2021/posts/469569254568632,Nguy·ªÖn Tu·ªá Linh,"Ch·ªã Trang nemo n√†y gi√†u r·ªìi √≠t ƒë∆°n ch·ªã c≈©ng ko ngh√®o ƒëi.  N√™n c√°c ch·ªã ƒë∆∞ng l√†m gi√†u cho ch·ªã √Ω n·ªØa. H√£y mua h√†ng cho nh·ªØng ng∆∞·ªùi kh√°c ngh√®o h∆°n ƒëi ·∫°, xem mua d∆∞·ª£c m·ªπ ph·∫©m b√™n em nha."
1642518657-2270,https://www.facebook.com/TrangNemo2021/posts/469569254568632,Ph·∫°m Duy,Shop c√≥ mua gi√°p h·ªìi sinh kh√¥ng . Em c√≥ b√°n nha . Em b√°n ƒë√∫ng gi√° kh√¥ng th·∫•y ng∆∞·ªùi ho·∫°n n·∫°n mak tr·ª•c l·ª£i
1642518657-2262,https://www.facebook.com/TrangNemo2021/posts/469569254568632,Th√°i Th·ªã Th√πy An,"Em mua m√† tr·∫£ gi√° c√≥ b·ªã d·ª±t kh·∫©u trang ƒë√°nh vƒÉng cl, b·∫ßm con m·∫Øt kh√¥ng ch·ªã :(("
1642518657-2345,https://www.facebook.com/TrangNemo2021/posts/469569254568632,Ng·ªçc Huy·ªÅn,G·∫≠y √¥ng ƒë·∫≠p l∆∞ng √¥ng. T√≠nh h·∫°i ng∆∞·ªùi gi·ªù b·ªã nghi·ªáp qu·∫≠t
1642518657-2350,https://www.facebook.com/TrangNemo2021/posts/469569254568632,√ù ƒê√†o Nh∆∞,·ª¶A . ƒê√É C√ì AI KH√ÅM X√âT KI·ªÇM TRA H√ÄNG HO√Å NH∆Ø V·ª§ MAI H∆Ø·ªúNG ·ªû THANH HO√Å CH∆ØA. M·∫§Y ƒÇN N·ªòI M√Ä KH√îNG KI·ªÇM TRA TH√å BAO CHE NH·∫¨N H·ªêI L·ªò R·ªíI ƒê√ì. KH√ÅCH H√ÄNG L√Ä TH∆Ø·ª¢NG ƒê·∫æ. M√Ä QUA V·ª§ N√ÄY TH·∫§Y NH√ÇN VI√äN SHOP M·∫§T D·∫†Y QU√Å. C√îN ƒê·ªí
1642518657-2258,https://www.facebook.com/TrangNemo2021/posts/469569254568632,Tun Con,Shop ∆°i c√≥ b√°n √°o n√†y ko
1642518657-2308,https://www.facebook.com/TrangNemo2021/posts/469569254568632,Tr·∫ßn Xu√¢n,"Chuy·ªÉn qua ƒë√≤i n·ª£ thu√™ ƒëi ch·ªã. Ch·ª© b√°n q √°o song z·ª• n√†y k ai gi√°m t·ªõi qu√°n ƒë√¢u, nh·ª° ch√™ x·∫•u b·ªã ƒë√°nh te tua"
1642518657-2240,https://www.facebook.com/TrangNemo2021/posts/469569254568632,Thi√™n Ho√†ng,Em bom h√†ng ƒë∆∞·ª£c kh√¥ng ch·ªã
1642518657-2246,https://www.facebook.com/TrangNemo2021/posts/469569254568632,Nguy·ªÖn Th·ªã Thu·ª∑ Ti√™n,:)) c√≥ mua ƒë·ªì shop ngta l·∫ßn n√†o ch∆∞a m√† ƒë√≤i t·∫©y chay :))) c·ª´i ·∫ª
1642518657-2267,https://www.facebook.com/TrangNemo2021/posts/469569254568632,H√† Rose,B√† chuy·ªÉn qua l√†m giang h·ªì cho ƒë√∫ng chuy√™n m√¥n ƒëi ch·ª© b√°n ƒë·ªì chi n·ªØa
1642518657-2365,https://www.facebook.com/TrangNemo2021/posts/469569254568632,T·ªëng M·ªπ Nh√¢n,trang Nam M√¥ A Di ƒê√† Ph·∫≠t
1642518657-2367,https://www.facebook.com/TrangNemo2021/posts/469569254568632,Khai My Duong,Ghep ob
1642518657-2243,https://www.facebook.com/TrangNemo2021/posts/469569254568632,H√†a Linhh,b√°n √°o gi·ªëng a n√†y k c iu
1642518657-2241,https://www.facebook.com/TrangNemo2021/posts/469569254568632,Ng·ªçc Ph∆∞∆°ng,"Nh√¨n n√™n n√£ d·ªãu d√†ng m√† ch·ªß shop k c√≥ n·ªÅn n√£ d·ªãu   d√†ng, ch·ªß t√≥p th√≠ch th·ªÉ hi·ªán qu√°"
1642518657-2332,https://www.facebook.com/TrangNemo2021/posts/469569254568632,Thu·ª≥y D∆∞∆°ngg Lens,Hong Ngoc Pham v√†o ƒë·ªç c∆∞·ªùi ·∫ª lun :))
1642518657-2272,https://www.facebook.com/TrangNemo2021/posts/469569254568632,B·∫±ng Tr·∫ßn,C√≥ √°o c√† sa hong ·∫°
1642518657-2287,https://www.facebook.com/TrangNemo2021/posts/469569254568632,Nguy√™n Miinhh,Xu√¢n n√†y Trang kh√¥ng v·ªÅ :)) l√† c√≥ thi·ªác
1642518657-2334,https://www.facebook.com/TrangNemo2021/posts/469569254568632,Nguyen Thi Yen Nhi,√í d·ªã √≥ h·ªè
1642518657-2253,https://www.facebook.com/TrangNemo2021/posts/469569254568632,L√™ VƒÉn L∆∞∆°ng,Trang m√¥ m√¥
1642518657-2306,https://www.facebook.com/TrangNemo2021/posts/469569254568632,Pham Nhu Bao Tai,Trang c·∫∑c l√†ng
1642518657-2310,https://www.facebook.com/TrangNemo2021/posts/469569254568632,Kh√°nh Linh,nh√† em b√°n xe lƒÉn nh√© ch·ªã mua ·ªßng h·ªô em v√†i chi·∫øc d·ª± ph√≤ng ƒëi
1642518657-2349,https://www.facebook.com/TrangNemo2021/posts/469569254568632,Nguy·ªÖn Ph∆∞∆°ng,mua r·ªìi boom thoaii
1642518657-2356,https://www.facebook.com/TrangNemo2021/posts/469569254568632,Long Tran,K√≠nh ch·ªëng √°nh s√°ng xanh c√≥ ch·ª©ng nh·∫≠n KC c·ªßa ch√≠nh ph·ªß
1642518657-2359,https://www.facebook.com/TrangNemo2021/posts/469569254568632,Linh Nguyen,·ª¶a c√≤n m√£ h√†ng g√¨ n·ªØa ƒëƒÉng n·ªët.. k qu·∫£n l√≠ th·ªã tr∆∞·ªùng v√†o ki·ªÉm tra ch·ªët ƒë∆°n m√† ngh·ªâ t·∫øt s·ªõm
1642518657-2264,https://www.facebook.com/TrangNemo2021/posts/469569254568632,Th·ªßy Ho√†ng,"·ª¶a r·ªìi m·∫Øc g√¨ b√† kia k quen k bi·∫øt ƒëi theo con k√¨a l√†m g√¨ ƒë·ªÉ b·ªã ƒë√°nh ,ng∆∞·ªùi ta n√≥i r·ªìi ngu th√¨ ch·∫øt"
1642518657-2347,https://www.facebook.com/TrangNemo2021/posts/469569254568632,Duy M·∫°nh,Nh∆∞ cl
1642518657-2300,https://www.facebook.com/TrangNemo2021/posts/469569254568632,M·ªπ Vi,Cho em 10 b·ªô ship ƒëi ƒë√¢u th√¨ ship
1642518657-2293,https://www.facebook.com/TrangNemo2021/posts/469569254568632,Hi·ªÅn B√©,H·ªìi tr∆∞a xem qu·∫£ clip c·ªßa b√† n√†y th·∫•y c√°ch h√†nh x·ª≠ ch·∫£ ra l√†m xao c√≤n l√†m b·ªô t·ª≠ t·∫ø quay l√™n m·∫°ng l√† 1 sai l·∫ßm
1642518657-2368,https://www.facebook.com/TrangNemo2021/posts/469569254568632,D≈©ng H√πng,T·∫©y chay shop Trang NeMo
1642518657-2335,https://www.facebook.com/TrangNemo2021/posts/469569254568632,Nh·∫≠t Vi,Thu HangL∆∞∆°ng B·∫£o Ng·ªçc mua ƒë·ªì ƒëi b√†
1642518657-2280,https://www.facebook.com/TrangNemo2021/posts/469569254568632,H√°n Ti·∫øn Phi,Drama c·∫≠p nh·∫≠t m·ªõi nh·∫•t trang nemo v√† tr·∫ßn my nha mn
1642518657-2252,https://www.facebook.com/TrangNemo2021/posts/469569254568632,Anh Lanh Chanh,D·∫πp ti·ªám ƒëi m√°a
1642518657-2360,https://www.facebook.com/TrangNemo2021/posts/469569254568632,ƒê·ªó Minh Th√†nh,M·∫´u pijama s·ªçc xanh tr·∫Øng n√†y r·∫•t h√≥t kh√¥ng bi·∫øt Shop ƒë√£ chu·∫©n b·ªã h√†ng ƒë·ªÉ ch·ªët ƒë∆°n ch∆∞a
1642518657-2322,https://www.facebook.com/TrangNemo2021/posts/469569254568632,Thanh Thao,nemo adidatu
1642518657-2355,https://www.facebook.com/TrangNemo2021/posts/469569254568632,Gi√†ng Mil√¥,Kbsv
1642518657-2238,https://www.facebook.com/TrangNemo2021/posts/469569254568632,Page n√†y chuy√™n ƒë·ªÉ com m·∫ßn d·∫°o,H√≥ng ch·ªß shop ƒë∆∞·ª£c ch·ªët ƒë∆°n nh∆∞ Mike H∆∞·ªùng
1642518657-2337,https://www.facebook.com/TrangNemo2021/posts/469569254568632,Hu·ªá M·∫´n,d·ªãu d√†ng n·ªÅn n√£
1642518657-2328,https://www.facebook.com/TrangNemo2021/posts/469569254568632,Th√†nh Minh,Cho em mua 5 b·ªô v·ªÅ c·∫Øt cho con ch√≥ nh√† em m·∫∑c v·ªõi ·∫°
1642518657-2354,https://www.facebook.com/TrangNemo2021/posts/469569254568632,Nguy·ªÖn Linh,T·∫®Y CHAY TRANG NEMO
1642518657-2330,https://www.facebook.com/TrangNemo2021/posts/469569254568632,Bang Linn,Mua shoppe r·∫ª hoen
1642518657-2296,https://www.facebook.com/TrangNemo2021/posts/469569254568632,Nguy·ªÖn Ph∆∞∆°ng,Ch·ªã ·ªïn k ch·ªã c√≥ c·∫ßn em j b√°o em ƒë·ªÉ em g·ªçi m·∫•y ch√∫ c√¥ng an nha
1642518657-2363,https://www.facebook.com/TrangNemo2021/posts/469569254568632,H∆∞∆°ng Ng√¢n,Ai z√∫ b√© c·∫•m mua h√†ng. .ri√™ng z√∫ b·ª± ƒë∆∞ojc mua .mi·ªÖn ship
1642518657-2275,https://www.facebook.com/TrangNemo2021/posts/469569254568632,ƒê·∫∑ng B√©,Ch·ªët ƒë∆°n ch·ªâ sau m·ªôt ƒë√™m nh∆∞ shop Mai H∆∞·ªùng cho kinh
1642518657-2271,https://www.facebook.com/TrangNemo2021/posts/469569254568632,Ng√¥ Khang,H√≥ng ch·ªß shop nh·∫≠p ƒë·ªì t√π v·ªÅ nh·ªët m·∫•y con bede l·∫°i v√† kh·∫Øc nghi·ªáp cho Trang Nam M√¥
1642518657-2372,https://www.facebook.com/TrangNemo2021/posts/469569254568632,L∆∞u Ly Phung,M·∫∑c m√¨nh ƒëi m√° r·ªìi k√™u d√≤ng h·ªç m√†y d≈©a l·∫°i n·∫øt cho m√° ƒëi . ƒê·ªÉ ƒë·ª©c cho con mayt ƒëi
1642518657-2317,https://www.facebook.com/TrangNemo2021/posts/469569254568632,Sam Anh,NƒÉm nay ai b√°n qu·∫ßn √°o c≈©ng hung l·∫Øm. To√†n th·∫•y ƒë√°nh ng gh√™ th·∫≠t
1642518657-2269,https://www.facebook.com/TrangNemo2021/posts/469569254568632,Duy Manh Nguyen,C·ª•c Thu·∫ø TP. H·ªì Ch√≠ Minh
1642518657-2366,https://www.facebook.com/TrangNemo2021/posts/469569254568632,Ph·∫°m D≈©ng,ƒëm nh√¢n vi√™n nh∆∞ m·∫•y thg giang h·ªì ch·ª£ b√∫a ch·ªß n√†o t·ªõ n·∫•y
1642518657-2342,https://www.facebook.com/TrangNemo2021/posts/469569254568632,Th·∫£o Thanh Th·∫£o,L√†m Giang H·ªì cho ƒë√∫ng b·∫£n ch·∫•t kkk
1642518657-2284,https://www.facebook.com/TrangNemo2021/posts/469569254568632,Du Chu,T·∫©y chay shop nay !
1642518657-2371,https://www.facebook.com/TrangNemo2021/posts/469569254568632,Linh V≈©,C√≥ t√†i m√† k c√≥ ƒê·ª©c c≈©ng v·∫•t em ·∫°
1642518657-2303,https://www.facebook.com/TrangNemo2021/posts/469569254568632,Nh·ª±t ƒêang,M·∫´u m·ªõi n√® ch·ªã nh·∫≠p v·ªÅ v√†i L√¥ m·∫∑t Th·ª≠ ƒëi Sao n√†y Kh·ªèi B·ªü ng·ªü
1642518657-2362,https://www.facebook.com/TrangNemo2021/posts/469569254568632,Minh Phan,ƒÇn ƒë∆∞·ª£c g√¨ tranh th·ªß ƒÉn ƒëi
1642518657-2329,https://www.facebook.com/TrangNemo2021/posts/469569254568632,B√© Quy·ªÉn Nguy·ªÉn,Nghe t√™n con n√†y tao ch·∫°y m·∫•t d√©p
1642518657-2256,https://www.facebook.com/TrangNemo2021/posts/469569254568632,Sa V√†o ƒê∆∞·ªùng LINK,ƒê√≥ng vai ch√≠nh m√† ƒë·ªÉ nguy√™n team ƒëi t√¨m m√¨nh l√† shao. Phim n√†y n√®: https://bit.ly/3A7JmFa
1642518657-2247,https://www.facebook.com/TrangNemo2021/posts/469569254568632,D∆∞∆°ng T√πng,Cb ƒëi xa nh√© trang ..c·ª© gi·∫•y m√† tr√™n 15% th∆∞∆°ng t·∫≠t th√¨ x√°c ƒë·ªãnh trang ƒë·∫ßu v·ª• h∆°i cƒÉng nh√© =]]
1642518657-2283,https://www.facebook.com/TrangNemo2021/posts/469569254568632,Ki·ªÅu Phong,T·∫©y chay shop nay !
1642518657-2278,https://www.facebook.com/TrangNemo2021/posts/469569254568632,V∆∞∆°ng Ng·ªçc Minh,"""M·ªùi b·ªã c√°o Trang ƒë·ª©ng l√™n nghe t√≤a tuy√™n √°n"" thu √¢m nghe d·∫ßn ƒëi l√† v·ª´a !"
1642517901-1924,https://www.facebook.com/TrangNemo2021/posts/469676627891228,Han Ph·∫°m,L·∫•y em 5 b·ªô ship t·ªãnh th·∫•t b·ªìng lai
1642517901-1915,https://www.facebook.com/TrangNemo2021/posts/469676627891228,Tr·∫ßn Y·∫øn Nhi,Sao kh√°c nhau d·ªã:<<<<
1642517901-1917,https://www.facebook.com/TrangNemo2021/posts/469676627891228,V√¢n Em Y√™u's,"Ai c√≤n d√°m mua h√†ng shop trang n·ªØa, s·ª£ b·ªã h√†nh hung b·ªè m·ªãa =))"
1642517901-1911,https://www.facebook.com/TrangNemo2021/posts/469676627891228,Ho Duy Bao,M·∫©u n√†y m·ªõi ƒë·∫πp n√®
1642517901-1890,https://www.facebook.com/TrangNemo2021/posts/469676627891228,Hoang Ph·∫°m,Ch·ªß shop ch∆°i chi√™u qu√° t√†n ƒë·ªôc. Qu·∫£ n√†y th√¢n b·∫°i danh li·ªát ch·∫Øc lu√¥n
1642517901-1927,https://www.facebook.com/TrangNemo2021/posts/469676627891228,Nguy·ªÖn Minh Ph∆∞∆°ng,shop ph√° s·∫£n ch∆∞a z???
1642517901-1921,https://www.facebook.com/TrangNemo2021/posts/469676627891228,L√™ Th·ªã Thu·ª≥ Dung,ƒê·ªÉ em 10 b·ªô ship ƒë√¢u th√¨ ship :))
1642517901-1907,https://www.facebook.com/TrangNemo2021/posts/469676627891228,Tr∆∞∆°ng Th√∫y Oanh,C·ªë t·ªè ra l√† m√¨nh ·ªïn nh∆∞ng s√¢u b√™n trong l√† bi·ªÉn r·ªông
1642517901-1938,https://www.facebook.com/TrangNemo2021/posts/469676627891228,Tr·ªçng Nh√¢n,M√¨nh c·∫•m b·∫°n g√°i m√¨nh ƒë·∫øn mua v√¨ n√≥ c√≥ t·∫≠t hay tr·∫£ gi√°...l·ª° b·ªã m·∫•y cha v√∫ b·ª± ƒë√°nh h·ªôi ƒë·ªìng th√¨ bi·∫øt t√≠nh sao t·∫°i m√¨nh kh√¥ng ph·∫£i giang h·ªì...
1642517901-1933,https://www.facebook.com/TrangNemo2021/posts/469676627891228,C·∫≠u √öt,Nh√¨n c≈©ng xinh nh∆∞ng m√† c√°i n·∫øt nh√¢n vi√™n kh√¥ng ∆∞a hung d·ªØ.c√¥n ƒë·ªì.cho n√™n ƒë·ªì ƒë·∫πp ƒë·∫øn m·∫•y kh√°ch h√†ng xem c≈©ng nh∆∞ r√°c
1642517901-1903,https://www.facebook.com/TrangNemo2021/posts/469676627891228,Ho√†ng Gabi,C√≥ √°o n√†y hong c ∆°ii
1642517901-1906,https://www.facebook.com/TrangNemo2021/posts/469676627891228,T√¢y Lin,M√¨nh ko ƒë·ª©ng v·ªÅ kh√≠a c·∫°nh TM hay TNM g√¨ ƒë√≥ c·∫£. H√¨nh nh∆∞ TNM n√†y nh·ªè h∆°n m√¨nh 1t xin ph√©p g·ªçi l√† b√©. B√© trang n√†y t√≠nh ra c√≥ t√†i nh∆∞ng c√≥ v·∫ª ch∆∞a h·ªçc h·∫øt m√¥n ƒë·∫°o ƒë·ª©c l√†m ng∆∞·ªùi. Trong chuy·ªán n√†y th·∫•y c√¥ b√© n√†y ƒë√°ng th∆∞∆°ng nh·∫•t. Th√¢n l√†m ph·ª• n·ªØ c√≥ t√†i n·∫±m‚Ä¶ Xem th√™m
1642517901-1934,https://www.facebook.com/TrangNemo2021/posts/469676627891228,Nguy·ªÖn Duy H·∫£i ƒêƒÉng,Ch·ªëi h·ªô
1642517901-1898,https://www.facebook.com/TrangNemo2021/posts/469676627891228,Nguy·ªÖn Ki·ªÅu,Dem ve t·ª± mac lun di shop oi .giang ho qua ai dam mua kk
1642517901-1932,https://www.facebook.com/TrangNemo2021/posts/469676627891228,T·∫° Th·ªã H√†,"M·∫∑t m≈©i b∆°m be b√©t, m≈©i l√†m m·∫Øt l√†m m√¥i l√†m. Bts ng fake qu·∫ßn √°o fake n·ªØa."
1642517901-1910,https://www.facebook.com/TrangNemo2021/posts/469676627891228,D∆∞∆°ng Th·ªã H·ªìng Th·ªßy,C√≥ √°o in ·∫£nh chu·ªôt mickey kh ·∫°
1642517901-1896,https://www.facebook.com/TrangNemo2021/posts/469676627891228,M·ªπ Xu√¢n,B·ªô n√†y h·ª£p h∆°n trang ∆°i
1642517901-1899,https://www.facebook.com/TrangNemo2021/posts/469676627891228,NT Mai Th·∫£o,ƒê·ªÉ m·∫∑c ƒëi ch·ªã
1642517901-1912,https://www.facebook.com/TrangNemo2021/posts/469676627891228,Tr·∫ßn H·∫£i ƒêang,Em mua c·∫∑p d√∫uuuu c·ªßa ch·ªã quy·ªÅn quy gi√° c·∫£ sao v·∫≠y ch·ªã
1642517901-1892,https://www.facebook.com/TrangNemo2021/posts/469676627891228,B√¥ng Bin B√∫n,N·∫øu ƒëc ·ªâa v√†o shop trang ch·∫Øc nhi·ªÅu ng∆∞·ªùi t√¨nh nguy·ªán l·∫Øm
1642517901-1900,https://www.facebook.com/TrangNemo2021/posts/469676627891228,Tr·∫ßn Th·ªã √Ånh Tuy·∫øt,ch·ªã c√≥ b√°n √°o ch·ªã khanh m·∫∑c khummm em m·ªõi muaaaaaa :))))
1642517901-1909,https://www.facebook.com/TrangNemo2021/posts/469676627891228,Hung Dang,Shop th·ªùi trang yang h·ªì √† :))
1642517901-1904,https://www.facebook.com/TrangNemo2021/posts/469676627891228,Bi Nguy·ªÖn,S·∫µn s√†ng ch∆∞a ch·ªã y√™u
1642517901-1913,https://www.facebook.com/TrangNemo2021/posts/469676627891228,Ho√†ng Ph∆∞∆°ng Th·∫£o,c ∆°i c√≥ b·ªô ƒë·ªì n√†o m·∫∑c ƒëi qu√°nh l·ªôn ng·∫ßu nh·∫•t kh ·∫°
1642517901-1908,https://www.facebook.com/TrangNemo2021/posts/469676627891228,L√®o B√∫n,L·∫•y e 10 b·ªô ship t·∫≠n qu√°n ch·ªã cho m·∫•y Anh Yang H·ªì m·∫∑c !
1642517901-1939,https://www.facebook.com/TrangNemo2021/posts/469676627891228,Nguy·ªÖn Th·ªã Lan Anh,T·∫øt n√†y mang ti·ªÅn v·ªÅ cho m·∫π ƒë·ª´ng mang ti·ªÅn √°n v·ªÅ cho m·∫π
1642517901-1914,https://www.facebook.com/TrangNemo2021/posts/469676627891228,Tr·∫ßn Th·ªã Kim H·∫±ng,G·ª≠i e 1 b·ªô k·ªãp t·∫øt e ƒëi qu√°nh l·ªôn ·∫°
1642517901-1916,https://www.facebook.com/TrangNemo2021/posts/469676627891228,L√™ Tr√∫c Vy,"·ª¶a n√†o gi·ªù v√¥ shop ch·ªã mua l√† ph·∫£i c·ªüi kh·∫©u trang v√† khai ƒë·∫ßy ƒë·ªß h·ªç t√™n ph·∫£i kh√¥ng ·∫°??? ƒê·ªÉ em bi·∫øt em m·∫ßn c√°i m·∫∑t cho ƒë·∫πp ƒë·∫πp, ch·ª© gi·ªù d·ªãch mang kh·∫©u trang xuy√™n su·ªët n√™n e kh√¥ng qu√°nh son, l·ª° b·∫Øt c·ªü kt em m·∫Øc c·ª°"
1642517901-1923,https://www.facebook.com/TrangNemo2021/posts/469676627891228,Thao Ni√™,Xu√¢n n√†y trang k v·ªÅ
1642517901-1929,https://www.facebook.com/TrangNemo2021/posts/469676627891228,Ph·∫°m Long,Ngh·ªâ t·∫øt s·ªõm ƒëi nha Trang √î m√î
1642517901-1925,https://www.facebook.com/TrangNemo2021/posts/469676627891228,Qu·ªëc C∆∞·ªùngg,L·∫•y em 10 b·ªô ship qu·∫≠n 8
1642517901-1935,https://www.facebook.com/TrangNemo2021/posts/469676627891228,Harry Ph√∫c,M·∫∑c sai b·ªô r·ªìi m·∫∑c b·ªô n√†y m·ªõi ƒë√∫ng nek
1642517901-1931,https://www.facebook.com/TrangNemo2021/posts/469676627891228,Anh Tram,"b√°n ƒë·ªì fake ƒë√≥. Ko bi·∫øt nh·∫≠p h√†ng c√≥ khai b√°o H·∫£i Quan hay ƒë√≥ng thu·∫ø m√° g√¨ ch∆∞a n·ªØa ? H√≥ng v·ª• n√†y CA kinh t·∫ø v√† C·ª•c QLTT ra tay h·ªët c·∫£ ƒë√°m ""ƒÉn d∆°"" v√¥ t√π. Ho·∫∑c nh·∫π t·ªãch thu, k√™ bi√™n t√†i s·∫£n n√≥ ƒëi."
1642517901-1936,https://www.facebook.com/TrangNemo2021/posts/469676627891228,Duy Anh,B·ªô n√†y c√≤n ko ·∫°
1642517901-1922,https://www.facebook.com/TrangNemo2021/posts/469676627891228,Tr·∫ßn Th·ªã Ng·ªçc Y·∫øn,m·∫∑c l√™n ai h·ªèi b·∫£o qu·∫ßn √°o shop trang nemo n√≥ c√≥ m√† ·ªâa v√†o kkkkk
1642517901-1895,https://www.facebook.com/TrangNemo2021/posts/469676627891228,Thu H√†,"Th·∫•y My hi·ªÅn t√≠nh b·∫Øt n·∫°t, t√≠nh g√†i My t·ª± nh·∫≠n m√¨nh b√°n h√†ng fake, b√† Khanh th·∫•y b·∫•t b√¨nh b√† l√™n ti·∫øng. M·ª• Trang t·ª©c v√¨ b·ªã b√† Khanh ph√°, quay ra l√†m kh√≥ b Khanh, c·∫Øt ngang h·ªèi t√™n tu·ªïi, gi·ª±t kh·∫©u trang ch·ªâ ƒë·ª£i b Khanh b·∫≠t c√°i l√† lao v√†o. T l·∫°i m√©o th·∫•y‚Ä¶ Xem th√™m"
1642517901-1894,https://www.facebook.com/TrangNemo2021/posts/469676627891228,Dinh Nguyen,Shop n√™n ƒë√≥ng c·ª≠a ƒëi.to√†n Giang h·ªì b√™ ƒë√™ b√°n h√†ng ai d√°m mu
1642517901-1918,https://www.facebook.com/TrangNemo2021/posts/469676627891228,Tuy·∫øt Tr√≤n,ƒê·ªïi t√™n th√†nh trang nam m√¥ cho b·ªõt kh·∫©u nghi·ªáp nha ch·ªã g√°i:3
1642517901-1905,https://www.facebook.com/TrangNemo2021/posts/469676627891228,Turtle Pr·ªì,Coi sale l·∫π l·∫π ƒëi !!! Kh√¥ng l√† kh√¥ng c√≤n c∆° h·ªôi ƒë√≥
1642517901-1891,https://www.facebook.com/TrangNemo2021/posts/469676627891228,Nguy·ªÖn Th·ªã Ng·ªçc H√†,Shop ph√° s·∫£n ch∆∞a ch·ªã
1642517901-1897,https://www.facebook.com/TrangNemo2021/posts/469676627891228,Tr·ªãnh H√πng,Gi·∫≠t kh·∫©u trang l·∫ßn 2 c√≤n th·∫£ cho b·ªçn ƒë√°nh n√≥ √° trang. T n√≥i trang n√†y b·∫•t k·ªÉ m l√† ai v√† sau m c√≥ ai b·∫£o k√™ ch·ª© t d√¢n th∆∞·ªùng ƒë·∫•y nh∆∞ng t ƒë·∫£m b·∫£o l√† t s√°ch ƒë∆∞·ª£c 15 m·∫°ng xu·ªëng h·ªë lu√¥n nh√© ph√°p lu·∫≠t k l√†m g√¨ ƒë∆∞·ª£c th√¨ ƒë·ªÉ x√£ h·ªôi d·∫≠y. C√°i lo·∫°i m·∫•t d·∫≠y nh∆∞ m ‚Ä¶ Xem th√™m
1642517901-1928,https://www.facebook.com/TrangNemo2021/posts/469676627891228,Tu·ªá M·∫´n,Ch·ªã b√°n ƒë·ªì m√† c√°i n·∫øt ch·ªã k√¨ qu√° c chang n·∫•m m·ªô
1642517901-1893,https://www.facebook.com/TrangNemo2021/posts/469676627891228,ƒê√†o Tr·∫ßn,"M·∫•t ƒë·∫°o ƒë·ª©c, t·∫©y chay Trang Nemo, hi v·ªçng ph√°p lu·∫≠t s·∫Ω l√†m tri·ªát v·ª• n√†y ƒë·ªÉ b√† ch·ªß v√† b·ªçn nh√¢n vi√™n kh√¥ng c√≤n ng√¥ng cu·ªìng l·ªông h√†nh n·ªØa. T·ª± l√†m t·ª± ch·ªãu, nh√¢n qu·∫£ b√°o ·ª©ng"
1642517901-1919,https://www.facebook.com/TrangNemo2021/posts/469676627891228,V√µ T∆∞·ªùng V≈©,N√£y b·ªã m·∫π t·∫©n cho 1 tr·∫≠n v√¨ mua h√†ng TNM. Mn nghƒ© em n√™n boom hay nh·∫≠n ·∫°
1642517901-1926,https://www.facebook.com/TrangNemo2021/posts/469676627891228,Ti√™n Ti√™n,"Ngta qua xin l·ªói r·ªìi,b·∫Øt ngta ƒë·ª©ng trc live xloi ngta c≈©ng l√†m lu√¥n.R·ªìi c√≤n b·∫Øt ngta t·ª± nh·∫≠n b√°n h√†ng fake tr√™n live c·ªßa m√¨nh..·ª¶a alo..alo Trang n√™ m√¥ ·ªßa nh·∫ßm Trang Nam M√¥ oy..M√° thi√™n h·∫° h·∫£ c"
1642517901-1920,https://www.facebook.com/TrangNemo2021/posts/469676627891228,M·ªπ Trinh,Sau h√¥m nay kh√¥ng th·∫•y ch·ªã live ·∫°
1642517901-1937,https://www.facebook.com/TrangNemo2021/posts/469676627891228,V√µ Th·∫ø Th·ªãnh,"""K√≠nh th∆∞a h·ªôi ƒë·ªìng x√©t x·ª≠, trong l√∫c n√≥ng gi·∫≠n b·ªã c√°o ƒë√£ ko ki·ªÉm so√°t ƒë∆∞·ª£c h√†nh vi c·ªßa m√¨nh, g√¢y h·∫≠u qu·∫£ nghi√™m tr·ªçng ƒë·ªëi v·ªõi b·ªã h·∫°i v√† m·∫•t an ninh tr·∫≠t t·ª± x√£ h·ªôi. K√≠nh mong HƒêXX xem x√©t, gi·∫£m nh·∫π h√¨nh ph·∫°t ƒë·ªÉ b·ªã c√°o s·ªõm quay v·ªÅ v·ªõi gia ƒë√¨nh v√† x√£ h·ªôi‚Äù"
1642517901-1901,https://www.facebook.com/TrangNemo2021/posts/469676627891228,Nguy·ªÖn Th·ªã Ng·ªçc Nhi,Ch·∫Øc c√≥ nhi·ªÅu ƒë·ª©a b√¥m h√†ng l·∫Øm ƒë√¢y
1642517901-1902,https://www.facebook.com/TrangNemo2021/posts/469676627891228,Mit Thi,Ch·ªß shop ∆°i sao nv c·ªßa m√†y c√°i n·∫øt ko c√≥ h·∫øt v·∫≠y ki·ªÉu n√†y t·ªï b√™ ko ƒë·ªô n·ªïi  r√πi
1642517901-1930,https://www.facebook.com/TrangNemo2021/posts/469676627891228,Tu Nguyen,Xinh qu√° c y√™u c·ªßa em
